productAsin,country,date,isVerified,ratingScore,reviewTitle,Review_Text
B09G9BL5CP,India,11-08-2024,TRUE,4,No charger,"Every thing is good about iPhones, there's nothing compared to it's speed and ios but i was disappointed because there's no charger for it even though Indian judiciary told them to provide , still they haven't made any progress regarding charger. Why should we spend 62k and more than that for iPhones because of it's brand and Acessories comfort size and Features right if that's not there what's point of buying an iPhone.Thank you🙏"
B09G9BL5CP,India,16-08-2024,TRUE,5,iPhone 13 256GB,"It look so fabulous, I am android user switched to apple, performance wise iPhone is more better than android due to A15 Bionic chip. I feel pleasant while using iPhone in hand. I like it very much 😍❤️"
B09G9BL5CP,India,14-05-2024,TRUE,4,Flip camera option nill,"I tried to flip camera while recording but no facility is added here. You have to pause first then you can flip from back to front or vice versa it means you can't continue it, very awkward position. Iphone software should be upgraded so that we can make it go. It's very essential for a content creator. I purchased gimbal dji om se but it could not provided that, it's very essential for a vlogger but I was fed up after finding the basic requirements wasn't built in these products !"
B09G9BL5CP,India,24-06-2024,TRUE,5,Product,100% genuine
B09G9BL5CP,India,18-05-2024,TRUE,5,Good product,Happy to get the iPhone 13 in Amazon offer
B09G9BL5CP,India,14-05-2024,TRUE,5,Too smooth and effective battery life,5 star 👍
B09G9BL5CP,India,28-01-2024,TRUE,5,Apple 13 256 GB,"Great Product... Nothing to say, as the Name APPLE is own identity of this product.. All is well, recommendation is 100% . Just grab this product else you missed something...."
B09G9BL5CP,India,01-03-2024,TRUE,5,Good,Good product 😀💯
B09G9BL5CP,India,14-11-2023,TRUE,4,Good,Nice product
B09G9BL5CP,India,03-02-2024,TRUE,5,Excellent,Excellent product
B09G9BL5CP,India,06-02-2022,TRUE,5,Truly worth the money spent! Even if you go broke!,"My honest review after going broke buying this depreciating object.I have been using android phones since the last 10 years and finally decided to switch to iPhone! I used to roast iPhone for its prices, lack of features and also things like power adapter not given in box etc, but my last android phone (iqoo 7 legend) had lot of software related issues and battery issues after updating it to android 12, tired of bugs and software glitches in android, I finally decided to buy a iPhone and switch from android to iOS And Boy Was I right!I never even held an iPhone In my life before because of its price, but now I made a great choice even if I had to spend all my savings on it.iPhone 13 is so smooth that even my IQOO 7 Legend with 120hz feels slower than it even if iPhone has only 60hz. And I can’t believe what I’m seeing, all the games/apps are so much smoother and optimised than on android.I was very sceptical about the charging speed of an iPhone Because in Iqoo I had 66w fast charger where as for iPhone I had to buy 20w separate fast charger for 1800rs, but charging speed isn’t disappointing.Display quality is truly flagship level and I’m quite a fan of the small 6.1 display believe it or not, being able to reach the top of display with just one hand is very helpful, Build quality is great.I would recommend NOT to waste extra 40k for buying 13 pro. Because I don’t think having a extra camera telephoto lens is worth spending 40k.You can see in the 3rd image attached the quality of wide angle camera pic shot on my iPhone 13, wide angle camera struggles in low light, but main camera is really good, captures true colours. Front camera is really good too, truly flagship.Speakers are Great.Battery life is better than my previous devices,iOS is very optimised in terms of battery life, easy 8hrs sot on normal usage.NOTE : While playing BGMI you loose around 2% battery every 6minutes at HD + Extreme Graphics. Which is also good. Pro Max Would Be far better in terms of battery.For the software? Yes I feel like there are few downsides, even if the software is very smooth and has very less bugs, it has two annoying things : any game gets paused when you open control centre just to check the battery etc, Lock Screen is annoying and also having to reach the top left corner just to see notifications is also annoying, clearing all notifications is also very annoying.But other than that a perfect 10/10 purchase. I was very disappointed at myself when I paid for the iPhone but when I received it I was truly happy that I bought it.Truly worth it."
B09G9BL5CP,India,06-07-2024,TRUE,5,I love it,Nice
B09G9BL5CP,India,18-05-2024,TRUE,5,It’s a legit iPhone,It’s a perfect iPhone I highly recommend this seller . Great price on their sale. The phone is good
B09G9BL5CP,India,11-03-2024,TRUE,5,Worth every penny,What I like about this phone is that it is quite reasonable comparing other iphones and Is very good and nice to use.
B09G9BL5CP,India,12-10-2023,TRUE,4,Nice.,I bought the product little expensive. Within a month price dropped by Rs.17000.
B09G9BL5CP,India,11-03-2022,TRUE,5,Worth the product,"Though we talk a lot about high price for iPhones, this is worth the amount. Smooth touch, perfect to hold in hand. For the screen size of 6.1"", it looks small overall. I could have gone for pro max but more than 1.5L budget is way too much for me :-)* Good battery back-up (With low battery mode always on, 5 hours of talk-time, around 2 hours of twitter and 2 hours of whatsapp usage, 1 hour of songs listening, 1 hour of rummy/candy crush games and notification of all these items, the battery comes for more than 24 hours for me)* Getting charged quickly from 20% to 100% within 2 hours* Perfect camera and I love that 'Live' photo option* Body design is awesome. When I held it in my hand for the first time, felt really happy about the design and the size of the iPhone 13."
B09G9BL5CP,India,31-10-2023,TRUE,3,It's been a week since I've been using this phone,Works just fine nothing special the camera is also good but during night it's not what I expected it to be and you have to charge the phone twice if you use it a lot it also heat sometimes it it doesn't like but sometimes it doesn't feel very smooth I don't know if it's value for money
B09G9BL5CP,India,29-11-2023,TRUE,5,Great,Loved it
B09G9BL5CP,India,08-09-2022,TRUE,5,Same as shown in pictures,There’s no same day delivery Phone was delivered to me in 3-4 days. I had to purchase  the phone thrice so on the third attempt I finally received the phone. Battery life is better than iPhone XR. Phone is same as shown in pictures. Amazon refund policy is good. I received both refunds within 24 hours.
B09G9BL5CP,India,14-02-2024,TRUE,2,My device is not working need help,My device is not working (switched off)Iam not able to download Invoice and warranty documentHow can I get itService center asking the document
B09G9BL5CP,India,06-08-2024,TRUE,5,Its the best,Best
B09G9BL5CP,India,25-06-2024,TRUE,3,Not worth,Not worth
B09G9BL5CP,India,12-05-2024,TRUE,3,Improved version of iPhone 11,Nothing new features only model changed
B09G9BL5CP,India,21-07-2024,TRUE,2,Doubtful,Seals were teared but only stricker was put. I don't know whether it is new or refurbished but it's working 😕😕😕.
B09G9BL5CP,India,04-11-2023,TRUE,5,Amazing and Best value for money Iphone,"This phone has well balanced HD oled sDisplay. Colours are accurate. Camera quality is very good even with 12 MP cameras. Selfies and portrait look good, but selfies indoor required little improvement which can be done through software. Battery back up is great. Faster transfer using Airdrop. I am getting a 1 and half day of battery backup with normal usage. Overall a perfect smartphone with ios experience."
B09G9BL5CP,India,15-02-2024,TRUE,5,Good,Good not like android
B09G9BL5CP,India,07-08-2024,FALSE,4,Camera is impressive but i am not happy with battery's,
B09G9BL5CP,India,24-01-2024,TRUE,5,Supar mobile phone,Good charge
B09G9BL5CP,India,07-04-2022,TRUE,4,Good but it’s not recommended to all,Actually I’m android user now switched to iPhone user experience is good but camera quality isn’t meet my expectations when taken photos on day times and little low lights you’ll get good quality photos. Night mode is worst. Battery is good for moderate users. Phone is very compact and display quality really awesome. My conclusion if you looking for privacy and protect from hackers definitely iPhone is safe. Those who are all moderate user and then buy this model
B09G9BL5CP,India,10-12-2023,TRUE,5,Good,Very good I am happy
B09G9BL5CP,India,10-08-2024,TRUE,4,Good,Works fine
B09G9BL5CP,India,18-07-2024,TRUE,4,Good,Cool
B09G9BL5CP,India,22-08-2024,TRUE,5,Apple phone,"As it is an apple product, quality is ensured and proven"
B09G9BL5CP,India,07-07-2024,TRUE,5,Dear Apple,My phone was bent for some reason. So kindly infirm check my warrenty period. Get me feedback
B09G9BL5CP,India,01-06-2024,TRUE,5,excellent,fine
B09G9BL5CP,India,11-10-2023,TRUE,5,It's good for content creation,"I mainly bought it for content creation because the software optimization was good and also because I use macbook air so data transfer between iphone is quicker than the android one, basically less hassle.Love the photo and video quality.It's also mostly for work than personal use. Customization is a bit hard but I also use android as primary phone so not an issue for me.Overall a good purchase for me."
B09G9BL5CP,India,02-07-2024,TRUE,2,No airdrop and personal hotspot .,"I bought this iPhone 13 . There was a manufacturing defect as this phone doesn’tHave  personal hotspot and Airdrop . It’s blocked , not turning on . Deception . I can’t afford this . I am now in foreign , my friend bought this iPhone . I am not in a position even to return this iPhone ."
B09G9BL5CP,India,29-10-2023,TRUE,4,Bawal chij hai be..😀,
B09G9BL5CP,India,29-11-2023,TRUE,5,Amazing phone,I received iPhone 13 timely.Product is working great.It improved my lifestyle  as  well.Camera quality is awesome. Battery performance is pretty good.Thanks to Amazon for your great service.
B09G9BL5CP,India,06-11-2023,TRUE,3,"Not that great deal. Battery performance, heating,hanging","Facing heating issue, Battery performance is not that good. On screen 12 hrs only as of now. Hanging in between, which we didn’t expect from Apple. Look is fantastic. Small while compared to XR."
B09G9BL5CP,India,19-08-2024,TRUE,4,Stunning Design and a Beautiful Pink!,"I finally upgraded from my trusty iPhone 5s to the iPhone 13, and let me tell you, it feels like I’ve time-traveled from the past to the future! The pink color is absolutely gorgeous—it's the perfect blend of subtle and stylish, making the phone look sleek and modern. I’ve received so many compliments on it already.The design is everything you’d expect from Apple: premium, well-crafted, and just a pleasure to hold. Coming from a 5s, it’s almost like I was using a rotary phone before this. I half-expected Siri to say, “Welcome to the 21st century!”The display is bright and vibrant, the camera is a huge leap forward, and the overall performance is incredibly smooth. It’s crazy how much has changed—face ID feels like magic, and the battery life is a dream compared to my old 5s, which needed a charger practically glued to it.If you’re thinking about upgrading, especially if you’re coming from a much older model like I was, don’t hesitate. This iPhone 13 in pink is a stunner and well worth the leap!"
B09G9BL5CP,India,04-09-2024,TRUE,5,My favourite 🤩,"I really wanted to get an iPhone and it is my first iPhone but i loved it the sound quality is great and it charges fast, the phone is a bit heavy but it looks classy the display also works well and the camera is the best 🤍🤍"
B09G9BL5CP,India,22-06-2024,TRUE,5,Still one of best base flagships out there in 2024,"Things I liked:1. Solid Build Quality and very polished software (compared to Samsung's One UI)2. Camera:-Rear: Rear camera is pretty decent with good color accuracy in all lighting conditions. Videos are steady and smooth.3. Mic / Speakers: Mic is exceptionally well, isolates all background sounds in noisy situations. Speakers are crisp with good bass.4. Performance: This is where the phone shines, you can throw any app available on the App store and it will run it without breaking a sweat.5. Face Id works like charm, it's the best biometric phone lock out there undoubtedly.Things I wish were better:1. Battery life would have been better, I get up to 4.30 - 5 Hours SOT with mixed usage (high brightness, 1 hour calls, 2-3 hour social media, and 2 hour media playback/music)2. Charges Slow compared to my earlier Samsung. Takes almost 1.2 Hours from 20% to 80%3. Front camera is average, it fails to get correct skin tones and lighting. I keep it on default and still it produces over saturated photos.4. Dialer / phone app sucks. I am someone who makes up to 200 calls a day due to nature of my SCM work. Dialer on Samsung is far better. For unknown call you can add a note to the number in Samsung and it reflect when the person call you again, without having to save unnecessary contacts. Number pad does not detect contact unless complete number is typed."
B09G9BL5CP,India,18-09-2024,TRUE,5,Awesome product,Each and every thingLove this Product
B09G9BL5CP,India,19-09-2024,TRUE,5,The way it was fast.,I liked the way it was fast.
B09G9BL5CP,India,20-10-2023,TRUE,3,feel good yet(6 month),"IOS 17.5 (current version updated from 16.6)Thw worst thing as a ios user for me that the fear of update , i heared some updates get display issues battery drain issues , god sake i doesn't had any issues from ios updates , but till i care- device  was great, super handy for me, little feeling of weight .Display - The 60Hz refresh rate didn't felt badly form me cause i am used such kind of device before. - The brightness Range is so comfortable. - The 2160p60 HDR videos in youtube give blissful experianceBattery And charging - The charging time:- i took 1Hour to charge  from 20% to 91% using apple 20w original adapter and cable without any interruption(no electricity break or disconnection ,calls etc) - Battery backup - I am mostly maintain battery in btw 20% <-> 80% so i think this may get one day backup for me ,Average 5h screen on timeThe one day backup is just a advertisemnt advertisement label usaully we use, actually a day like  events,party,outing  we use -camera ,editing app, social media app more than usual use , that day i didn't get a satisfied backup . - Little temperature warming while charging , no heating issue- battery health after 6 month 98%-battery cycle count 194  after 6 monthPerfomance - Good perfomance for video editing ,photography , social media . (I am not a gamer ) Camera-  Even though i  felt some lag or stuck screens in some third party applications - The cinematic Mode is mind Blowing . i missed 13 pro or higher varients for zooming in this mode . - Actually i really miss pro variant for the tele lens and camera features while i using this . Cost is wall for me. - The photos are nice and feature like exposure adjust and filter was good and quality photos . And the 5x zoomed photos is not good for me.it reduced the pixel quality .- The video and optical image stabilisation was mind blowing . i mostly explore on videos . it was soo good , no words other than that.AND THE BIGGEST FEAR FOR ME NOW IS IOS UPDATEi turned off the auto update at first place .i heared about DISPLAY ISSUES,HEATING ISSUES and BUGS in the ios updates for 13 and 14 series.So for expencive and established brand like apple does not fair . This is the only -ve i have to say as a reminder .Also i heared without ios update display issues are happened . Buy the way it is a hardware issue one of the display provider company's batch may show the issues . but we customers cannot identify which company provides the hardaware.I will attach my battery analytics data screnshot photo here so you can better understand how the battery is good The ordering experience in the greate indian sale was worst . I planned to buy this for 45999/- in oct7 greate indian sale offer but i got canceled then i bought for 48999 that was disppointed .As a whole i didn't recommend base models ,i felt i must have buy pro variant but for person who need ios in affordable price i recommend 13 is better than 14"
B09G9BL5CP,India,17-08-2024,TRUE,5,It’s completely worth it product,I’m using it from almost 2 months there no issue I’m facing as such now …camera quality is great 👍 and best part is it’s Display gives you premium experience u can go for it
B09G9BL5CP,India,11-09-2024,TRUE,3,Phone seems hanging within 6months of use,Picture quality is fine but hanging issue
B09G9BL5CP,India,06-04-2024,TRUE,4,So far so good,"Writing this review after using the phone for 5 months.Pros- camera clicks amazing pictures, video recording is the best I've seen in a phone so far compared to my previous phones. Stable videos with no shaking- battery life is good. Lasts an entire day with medium use. I don't game on the phone. Charging is as quick as it is with phones that use USB C.- display is soo good. So bright- built is solid, dropped phone a couple of times once with the cover and once without and not even a scratch.- listening to music and watching videos is a hot cos of how good the speakers r. Crystal clear with the right amount of bass and treble.Cons- phone is a tad heavy and using it for hrs on a stretch can result in pain in the wrist or fingersGot the phone in Diwali sale on discount so bang for buck if u ask me"
B09G9BL5CP,India,14-08-2024,TRUE,5,Best Phone,best phone
B09G9BL5CP,India,12-08-2024,TRUE,4,Quality,Nice one
B09G9BL5CP,India,29-06-2024,TRUE,4,Amazing,"Finally Switched from android. In hand feel is super amazing. they are still susceptible to hacking, among other types of security threats. Photos comes out ver good .Screen quality is wow i mean watching experience is super satisfying."
B09G9BL5CP,India,15-09-2024,TRUE,3,Mobile phone getting overheated,The new I phone 13 purchased by me is developing overheating while using & charging. May be duplicate product being supplied online. My request to Amazon is to change the phone
B09G9BL5CP,India,01-11-2023,TRUE,4,The iPhone 13 - A Stunning Upgrade!,"The iPhone 13 is, without a doubt, a game-changer. As an avid Apple user, I recently upgraded to this incredible device, and it has exceeded my already high expectations in every way. Here's why I am thoroughly impressed with the iPhone 13:Performance: The A15 Bionic chip is a powerhouse. It makes everything I do on my phone feel lightning-fast and seamless. Whether I'm gaming, streaming, or multitasking, the iPhone 13 handles it all effortlessly.Display: The Super Retina XDR display is a work of art. The colors are vivid, the brightness is exceptional, and the contrast is stunning. Whether I'm watching movies, browsing the web, or scrolling through social media, the visual experience is second to none.Camera: The camera system on the iPhone 13 is nothing short of amazing. It captures photos and videos with outstanding clarity and detail. The Night mode has been a game-changer for low-light photography, and the Cinematic mode for videos adds a whole new dimension to my creative endeavors.Battery Life: Apple has improved battery life on the iPhone 13, and it shows. I can go through an entire day of heavy usage without needing to reach for a charger. The battery management features are also impressive, ensuring I get the most out of every charge.iOS: The iPhone 13 runs on iOS, and the user experience is unmatched. The interface is intuitive, and the App Store offers a vast ecosystem of apps that enhance the device's capabilities.Design: The iPhone 13 boasts a sleek and premium design. It's durable and feels great in hand. The Ceramic Shield front cover offers extra protection, which is a welcome addition.5G Capability: The iPhone 13 is 5G-ready, which means I can experience lightning-fast data speeds and low latency, making it future-proof and ready for the latest advancements in mobile technology.Privacy and Security: Apple's commitment to user privacy and security is commendable. With features like Face ID and enhanced data protection, I feel confident that my personal information is in safe hands.In summary, the iPhone 13 is a stunning upgrade, delivering on Apple's legacy of innovation and excellence. It offers exceptional performance, a breathtaking display, a camera system that redefines mobile photography and videography, and a design that exudes luxury. This device is a testament to Apple's commitment to pushing the boundaries of what a smartphone can be. If you're looking for the best in the business, the iPhone 13 is it. I wholeheartedly recommend it to anyone seeking a top-tier mobile experience. It's worth every penny and more!"
B09G9BL5CP,India,07-08-2024,TRUE,3,USB cable was defective,"USB cable was defective, it was not charging"
B09G9BL5CP,India,10-08-2024,TRUE,5,Good,Good
B09G9BL5CP,India,11-05-2024,TRUE,5,Iphone 13,Its a my dream phone. Always working proper and processor is strong and mainly camera is always better than other phone. But but i am unhappy withh main heating issue . Please solve the heating issue. At the charging time phone is always produced more heating.
B09G9BL5CP,India,07-06-2024,TRUE,5,Quality product,Excellent features
B09G9BL5CP,India,21-09-2023,TRUE,5,Really powerful and impressed,"When talking about phone, Apple is always costly and there are always +ve and -ve for everything.I have been using android for 10+ year and now I moved to Apple.There are lot of applications and few features which I am missing while moved to Apple. But what really impressed me is the power of its processor and capabilities.1. When Android phone comes with 6, 8, 12 GB RAM, the speed or performance is poor. At the same time with 4 GB RAM in iPhone was really powerful and mindblowing.2. When Android storage are full, the phone will response very slow. But Apple still surprised me with the performance.3. The video quality of Anroid phone gives from 48 MP is delivered from Apple's 12 MP camera, which is mesmerizing and absolutely brilliant.- The battery back up is okay, but could have improved. (As I am not using for gaming, it is okay to me)- As Apple started production in India, the price could have reduced."
B09G9BL5CP,India,15-04-2024,TRUE,5,The perfect one,Good product delivered on time
B09G9BL5CP,India,18-09-2024,TRUE,4,Camera quality is not up to the mark,Nice
B09G9BL5CP,India,10-09-2024,TRUE,5,"Very happy, genuine product","Very happy with the purchase, product is genuine, but this is my third time when exchang not worked, amazon mentioned the value of old phone but delivery guy 2 times denied accepting the exchange with 2 diff phones in 2 instances. Very bad experience with exchange, not trustworthy in this."
B09G9BL5CP,India,16-09-2024,TRUE,5,Fantastic,Value for money
B09G9BL5CP,India,21-08-2024,TRUE,5,Explant product,No 1 Mobile phone
B09G9BL5CP,India,16-08-2024,TRUE,5,This is a the attempt to purchase for in all i-phone family...,"although, i-phone handling is quite different in compare to android phone. But this number is comparatively easier than others."
B09G9BL5CP,India,31-08-2024,TRUE,5,Good,best
B09G9BL5CP,India,11-05-2024,TRUE,4,Mobile have more heat at the time of charging,All over good price is good less than other sources but it’s have heating issues while charging device. I know apple devices have heated while charging but it’s too hot than other devices
B09G9BL5CP,India,12-08-2024,TRUE,5,Everything was very good,We received a genuine product with best deal very happy. Thanks Amazon.
B09G9BL5CP,India,21-08-2024,TRUE,3,Heating,I got my iphone 13 yesterday but the exchange price was different when I received my phone and also it’s heating 😡 while charging also
B09G9BL5CP,India,12-08-2024,TRUE,5,The best budget phone,"As expected , peak performance"
B09G9BL5CP,India,13-09-2024,TRUE,5,"Camera quality, performance, sound quality,optimization",I bought it on 2023 great Indian sale till now the battery health is 91% .Camera is 100 times better than any android deviceDevice is compact and handy.It’s premium feel never disappoints you.In terms of providing update apple is on the top of the listI personally recommend white colour
B09G9BL5CP,India,15-09-2024,TRUE,5,Picture quality,osm pic quality
B09G9BL5CP,India,15-09-2024,TRUE,5,Loved it,
B09G9BL5CP,India,08-10-2023,TRUE,5,Awesome,‎ ‎ ‎ ‎ ‎ ‎ ‎ ‎ ‎ ‎ ‎ ‎ ‎ ‎ ‎ ‎ ‎ ‎ ‎ ‎ ‎ ‎ ‎ ‎ ‎ ‎ ‎ ‎ ‎ ‎ ‎ ‎ ‎ ‎ ‎ ‎ ‎ ‎ ‎ ‎ ‎ ‎ ‎ ‎ ‎ ‎ ‎ ‎ ‎ ‎ ‎ ‎ ‎ ‎ ‎ ‎ ‎ ‎ ‎ ‎ ‎ ‎ ‎ ‎ ‎ ‎ ‎ ‎ ‎ ‎ ‎ ‎ ‎ ‎ ‎ ‎ ‎ ‎ ‎ ‎ ‎ ‎ ‎ ‎ ‎ ‎ ‎ ‎ ‎ ‎ ‎ ‎ ‎ ‎ ‎ ‎ ‎ ‎ ‎ ‎ ‎ ‎ ‎ ‎ ‎ ‎ ‎ ‎ ‎ ‎ ‎ ‎ ‎ ‎ ‎ ‎ ‎ ‎ ‎ ‎ ‎ ‎ ‎ ‎ ‎ ‎ ‎ ‎ ‎ ‎ ‎ ‎ ‎ ‎ ‎ ‎ ‎ ‎ ‎ ‎ ‎ ‎ ‎ ‎ ‎ ‎ ‎ ‎ ‎ ‎ ‎ ‎ ‎ ‎ ‎ ‎ ‎ ‎ ‎ ‎ ‎ ‎ ‎ ‎ ‎ ‎ ‎ ‎ ‎ ‎ ‎ ‎ ‎ ‎ ‎ ‎ ‎ ‎ ‎ ‎ ‎ ‎ ‎ ‎ ‎ ‎ ‎ ‎ ‎ ‎ ‎ ‎ ‎ ‎ ‎ ‎ ‎ ‎ ‎ ‎ ‎ ‎ ‎ ‎ ‎ ‎ ‎ ‎ ‎ ‎ ‎ ‎ ‎ ‎ ‎ ‎ ‎ ‎ ‎ ‎ ‎ ‎ ‎ ‎ ‎ ‎ ‎ ‎ ‎ ‎ ‎ ‎ ‎ ‎ ‎ ‎ ‎ ‎ ‎ ‎ ‎ ‎ ‎ ‎ ‎ ‎ ‎ ‎ ‎ ‎ ‎ ‎ ‎ ‎ ‎ ‎ ‎ ‎ ‎ ‎ ‎ ‎ ‎ ‎ ‎ ‎ ‎ ‎ ‎ ‎ ‎ ‎ ‎ ‎ ‎ ‎ ‎ ‎ ‎ ‎ ‎ ‎ ‎ ‎ ‎ ‎ ‎ ‎ ‎ ‎ ‎ ‎ ‎ ‎ ‎ ‎ ‎ ‎ ‎ ‎ ‎ ‎ ‎ ‎ ‎ ‎ ‎ ‎ ‎ ‎ ‎ ‎ ‎ ‎ ‎ ‎ ‎ ‎ ‎ ‎ ‎ ‎ ‎ ‎ ‎ ‎ ‎ ‎ ‎ ‎ ‎ ‎ ‎ ‎ ‎ ‎ ‎ ‎ ‎ ‎ ‎ ‎ ‎ ‎ ‎ ‎ ‎ ‎ ‎ ‎ ‎ ‎ ‎ ‎ ‎ ‎ ‎ ‎ ‎ ‎ ‎ ‎ ‎ ‎ ‎ ‎ ‎ ‎ ‎ ‎ ‎ ‎ ‎ ‎ ‎ ‎ ‎ ‎ ‎ ‎ ‎ ‎ ‎ ‎ ‎ ‎ ‎ ‎ ‎ ‎ ‎ ‎ ‎ ‎ ‎ ‎ ‎ ‎ ‎ ‎ ‎ ‎ ‎ ‎ ‎ ‎ ‎ ‎ ‎ ‎ ‎ ‎ ‎ ‎ ‎ ‎ ‎ ‎ ‎ ‎ ‎ ‎ ‎ ‎ ‎ ‎ ‎ ‎ ‎ ‎ ‎ ‎ ‎ ‎ ‎ ‎ ‎ ‎ ‎ ‎ ‎ ‎ ‎ ‎ ‎ ‎ ‎ ‎ ‎ ‎ ‎ ‎ ‎ ‎ ‎ ‎ ‎ ‎ ‎ ‎ ‎ ‎ ‎ ‎ ‎ ‎ ‎ ‎ ‎ ‎ ‎ ‎ ‎ ‎ ‎ ‎ ‎ ‎ ‎ ‎ ‎ ‎ ‎ ‎ ‎ ‎ ‎ ‎ ‎ ‎ ‎ ‎ ‎ ‎ ‎ ‎ ‎ ‎ ‎ ‎ ‎ ‎ ‎ ‎ ‎ ‎ ‎ ‎ ‎ ‎ ‎ ‎ ‎ ‎ ‎ ‎ ‎ ‎ ‎ ‎ ‎ ‎ ‎ ‎ ‎ ‎ ‎ ‎ ‎ ‎ ‎ ‎ ‎ ‎ ‎ ‎ ‎ ‎ ‎ ‎ ‎ ‎ ‎ ‎ ‎ ‎ ‎ ‎ ‎ ‎ ‎ ‎ ‎ ‎ ‎ ‎ ‎ ‎ ‎ ‎ ‎ ‎ ‎ ‎ ‎ ‎ ‎ ‎ ‎ ‎ ‎ ‎ ‎ ‎ ‎ .
B09G9BL5CP,India,09-09-2024,TRUE,5,awsome,happy
B09G9BL5CP,India,11-09-2024,TRUE,5,Good product,Very nice phone
B09G9BL5CP,India,07-08-2024,TRUE,4,Camera quality is good,
B09G9BL5CP,India,28-08-2024,TRUE,5,Amazing phone,"Great phone , loved it and the camera quality and phone smoothness is amazing…"
B09G9BL5CP,India,24-02-2024,TRUE,5,Redefining Excellence: A Review of the iPhone 13 128GB,"The iPhone 13 128GB has surpassed my expectations in every aspect, setting a new standard for smartphone excellence. From its sleek design to its powerful performance and innovative features, this device has truly redefined what it means to own a premium smartphone.Design and Build Quality:The iPhone 13’s design is a masterpiece of craftsmanship, featuring a sleek aluminum frame and a stunning ceramic shield front cover. The device feels incredibly premium in hand, with its compact form factor and exquisite attention to detail. The IP68 water and dust resistance provide added durability and peace of mind, making it perfect for everyday use.Display:The Super Retina XDR display of the iPhone 13 is nothing short of breathtaking. The 6.1-inch OLED screen delivers vibrant colors, deep blacks, and excellent brightness levels, ensuring an immersive viewing experience for everything from streaming videos to browsing the web. The True Tone technology adapts the display to ambient lighting conditions, providing a comfortable viewing experience at all times.Performance:Powered by the A15 Bionic chip, the iPhone 13 delivers unparalleled performance and responsiveness. Apps launch instantly, animations are buttery smooth, and multitasking is a breeze, thanks to the efficient CPU and GPU. Whether it’s gaming, productivity tasks, or content creation, this device handles everything with ease, making it a true powerhouse in the palm of your hand.Camera:The camera system of the iPhone 13 is a true game-changer, capturing stunning photos and videos with remarkable clarity and detail. The dual-camera setup includes a 12MP wide and ultra-wide lens, with features such as Night mode, Deep Fusion, and Smart HDR 4 elevating photography to new heights. The addition of Cinematic mode adds a cinematic touch to video recordings, allowing users to unleash their creativity like never before.Battery Life:Battery life on the iPhone 13 is exceptional, easily lasting a full day with heavy usage. The efficient power management of the A15 chip, coupled with software optimizations, ensures long-lasting performance without compromising on productivity or entertainment. With MagSafe charging and fast charging support, staying powered up on the go has never been easier or more convenient.iOS Experience:As expected, the iPhone 13 runs on the latest version of iOS, providing a seamless and intuitive user experience. iOS 15 introduces a host of new features and improvements, including Focus mode, Live Text, and enhanced privacy controls, further enhancing the overall user experience and productivity.Conclusion:In conclusion, the iPhone 13 128GB is a true masterpiece of innovation and excellence, delivering an unparalleled experience that is sure to delight even the most discerning smartphone users. With its stunning design, powerful performance, innovative features, and exceptional battery life, it’s not just a smartphone - it’s a lifestyle upgrade. If you’re looking for the best of the best, look no further than the iPhone 13."
B09G9BL5CP,India,11-07-2024,TRUE,4,1 star cut for heating issue,"Its 8 month and battery health is 90%To nullify heating I’ve ordered a cooler with Hit sink technology, works like refrigerator .Otherwise phone is so smooth , my storage is fullStill consistently giving great camera performance"
B09G9BL5CP,India,13-11-2023,TRUE,5,"So Beautiful, So elegant, just looking like a wow.","I snagged the iPhone 13 during the Great Indian Festival for an unbeatable price of 45,000, and let me tell you, it's been a game-changer in every way!Screen: The display is absolutely stunning – crisp, vibrant, and the colors pop like never before. Watching videos or scrolling through photos is a treat for the eyes. No complaints here!Hanging: Zero issues with hanging or lagging. This phone handles multitasking like a champ. Switching between apps is smooth, and I haven't experienced any frustrating delays.Battery: The battery life is surprisingly impressive. I can go a full day with normal usage, and it still has juice left in the tank. No more anxiously searching for a charger midday – a definite win!Comfort: The sleek design makes it a pleasure to hold, and the phone is just the right weight. It feels premium and comfortable in my hand, making it a joy to use for extended periods.Image Quality: The camera on the iPhone 13 is a true standout. The photos are sharp, and the night mode is a game-changer for capturing memories in low light. Selfies have never looked this good!Color: I went for the classic Midnight color, and it's elegant and timeless. The finish adds a touch of sophistication, and it doesn't attract fingerprints like some other phones I've had in the past.In summary, getting the iPhone 13 during the Great Indian Festival was an absolute steal. From the incredible screen to the reliable battery life and stunning camera, it's exceeded my expectations. If you're on the fence, take the plunge – you won't be disappointed."
B09G9BL5CP,India,27-06-2024,TRUE,4,A Sleek and powerful device,"Here's a review for the iPhone 13 128GB in Midnight color:Title: A Sleek and Powerful Device!Rating: 5/5I'm absolutely loving my new iPhone 13 in Midnight color! The sleek design and stunning display make it a head-turner. With 128GB of storage, I have plenty of space for my favorite apps, photos, and music.The camera is incredible, capturing crisp and vibrant images even in low light. The battery life is impressive, lasting me a full day with heavy use. The A15 Bionic chip delivers lightning-fast performance, making everything from gaming to multitasking a breeze.The Midnight color is sleek and sophisticated, and the OLED display is simply gorgeous. I couldn't be happier with my purchase!Pros:- Stunning display- Excellent camera performance- Fast performance- Long battery life- Sleek designCons: None!Overall, I highly recommend the iPhone 13 128GB in Midnight color to anyone looking for a top-notch smartphone!"
B09G9BL5CP,India,06-09-2024,TRUE,5,Good Quality Product,I am happy to share that my personal review. iPhone is very smooth to handle. Display was too good. Camera quality is amazing.Worth it 👍
B09G9BL5CP,India,18-09-2024,TRUE,5,Amazing,Superb deviceAnd helpful deal amazon
B09G9BL5CP,India,16-09-2024,TRUE,5,Amazing product,💕❤️❤️
B09G9BL5CP,India,16-09-2024,TRUE,5,👍,Best
B09G9BL5CP,India,13-08-2024,TRUE,4,Amazing,All is well
B09G9BL5CP,India,07-09-2024,TRUE,5,Nice,Mastt
B09G9BL5CP,India,02-09-2024,TRUE,5,Best,Best
B09G9BL5CP,India,11-08-2024,TRUE,5,Awesome Product,After use of 1 week I’m write the review this is nice iPhone fast battery charging & good battery backup of 1 day’s.Thanks Amazon
B09G9BL5CP,India,11-01-2023,TRUE,5,Good product,I like the colour and battery capacity
B09G9BL5CP,India,03-10-2022,TRUE,5,Good!,Great buy
B09G9BL5CP,India,11-09-2022,TRUE,5,Not good,Not good kindly ignore
B09G9BL5CP,India,10-06-2022,TRUE,5,Nice,Feels good in hand
B09G9BL5CP,India,12-02-2022,TRUE,5,First Apple Product,First iPhone and really good experience.Camera Awesome!Battery Awesome!Overall Awesome!
B09G9BL5CP,India,17-06-2022,TRUE,5,face unlock is superb,awesome deal
B09G9BL5CP,India,10-06-2022,TRUE,5,It's an iPhone. What more do you need?,Great buy.
B09G9BL5CP,India,27-11-2021,TRUE,5,Smooth value for money,Good productCamera is superbSmoothness is of next levelFeeling proud and feel honor
B09G9BL5CP,India,19-11-2021,TRUE,5,"It’s an amazing phone….First time IPhone user, great user interface…Sexy looking phone.","It’s an amazing phone….First time IPhone user, great user interface…Sexy looking phone."
B09G9BL5CP,India,04-04-2022,TRUE,5,Good Product,Like this product
B09G9BL5CP,India,19-11-2022,TRUE,5,Perfect phone.. It has its own cost 😅,"Definitely top notch, no doubt about it. iPhone 13 is my first apple product. Really impressed!!!"
B09G9BL5CP,India,27-11-2022,TRUE,5,Apple means Apple .. no comparison,Best in the budget … No compromise on quality
B09G9BL5CP,India,09-11-2023,TRUE,2,Good,Good
B09G9BL5CP,India,05-09-2022,TRUE,5,The display size feels small after shifting from Samsung,"Good enough Received genuine product from Amazon , so that is a plus."
B09G9BL5CP,India,27-06-2023,TRUE,2,Adaptor didnot work,"Adaptor supplied with it was not working, when taken to authorized service center they said the adaptor was fake.Do not bur adaptor with it."
B09G9BL5CP,India,24-03-2022,TRUE,4,Nothing seems new,Good offers
B09G9BL5CP,India,16-07-2022,TRUE,5,Awesome,Very nice and camera quality is great. More importantly the cinematic video
B09G9BL5CP,India,28-08-2022,TRUE,5,Excellent 👌,Everything is good
B09G9BL5CP,India,28-07-2022,TRUE,5,Package and delivery was amazing,Package and phone was delivered in good condition
B09G9BL5CP,India,11-06-2022,TRUE,5,Wonderful phone,Great performance. Apple never disappoints but still very heavy on wallets
B09G9BL5CP,India,17-09-2024,TRUE,5,Decent Phone. Working like a charm,Decent Phone. Working like a charm
B09G9BL5CP,India,30-07-2022,TRUE,4,Review after 1 week of usage,"Got it for 65K on Amazon prime day. So as a lifelong android user I have switched to IOS. So will be dividing this into the pros and negs:Product red 128GBPros:1) Received genuine product from Amazon( was quite sceptic about it though)2) Built quality excellent3) Camera quality excellent. True to life color reproduction, Indoor conditions amazing, night photos are good, facial tones are very good, day clicks are amazing. In short it's an amazing exp. Selfie cam also produces very good quality images. And also no shift in dynamic range while shifting B/W wide and ultra wide cams.4) Display:- Its a really great display, not 120 hz, but the experience is no less than a 120 hz, coz of apple's great software optimization, buttery smooth, no jitters on the screen, won't feel like a 60 hz panel. Now the notch, yes it will be bothering a little bit but its got its own functions, face unlock and stuff (works great in all environmental conditions)after a little while you get adjusted and it got its own magic functions like when when the phone rings and you go close to it, it detects your presence and lowers the vol level.5) Performance: Most powerful processor in the world.6) Battery:- With light usage will easily go for 2 days and with heavy 1 day. Remember to follow a charging pattern and it will give a solid battery exp.7) Speakers: Very loud with a small thumpCons:1) To keep photos and stuff you need to buy storage. 5 GB by default but that's nothing. Download google photos as an alternate sol. if you don't wanna buy storage.2) File management system sucks, android is much better.3) It has dolby atmos but for that you need a subscription to Apple music.4) Does not have a telephoto cam, which I think is a must at this price point.5) Somehow I am not getting 4g+ on my airtel, don't know why but in my android phone always used to get that.6) No USB C7) Siri is dumb AF8) Apple maps are not good, so download Google maps.9) Google keypad is much better than apple's.10) Notification panel and those small things like typing in the notification panel and other things that you can do in android is much much better than apple.11) As of now no haptic feedback while typing maybe coming on IOS 16Note:- Apple ecosystem still exploring that part but whenever you click any pic it automatically gets updated and I can see it in my Macbook also.Overall I would say if you are planning to buy a phone for responsiveness and does the everyday stuff without any hanging problems and stuff then buy it, and also if you are planning to keep it for a long time, then I think its a good investment for the future. Its got Great resale value.Hope this helps in making your decision easier.Update after 2 weeks of usage:All the above points remains the same, but I did check out the ecosystem and the experience has been amazing.1) I can receive and make phone calls (cellular calls) from my macbook, and the call quality is also good.So basically you can keep your phone in some other section of the house and you are working with your macbook somewhere else and if some call comes you can receive that on your macbook. PS:- your phone and macbook should be connected to a similar network, i.e wi-fi.2) Airplay- Just from the lock screen itself i can play any video and also listen to music from my phone. So basically you can watch youtube amazon prime videos(app not in the macbook but present on phone) and other stuff and also listen to music, and the switch of devices is also seamless. So someone in my house can use my macbook to watch movies on amazon prime(playing from my phone) and I can browse linkedin or FB from my iphone."
B09G9BL5CP,India,12-07-2024,TRUE,4,"I loved it, if I forgot the price 😄","I used this phone is very smooth, fast, camera quality is natural photos, performance is great i play call of duty very nice 🙂👍"
B09G9BL5CP,India,31-08-2024,TRUE,5,Best iPhone,Affordable priced iPhone. Great build quality and fabulous user experience
B09G9BL5CP,India,14-08-2024,TRUE,5,Excellent,I have been using this phone since 1 year its good after all
B09G9BL5CP,India,07-08-2024,TRUE,5,Excellent,No words…. Excellent phone as usual from Amazon
B09G9BL5CP,India,23-07-2024,TRUE,5,very good,nice product
B09G9BL5CP,India,08-07-2024,TRUE,5,Really nice,Father gift
B09G9BL5CP,India,11-05-2024,TRUE,5,As expected...,This thing is a beast...Battery drain hi nahi hoti.# Nazar na lagey
B09G9BL5CP,India,15-05-2024,TRUE,5,Nice!!!!,Product is great
B09G9BL5CP,India,30-12-2023,TRUE,5,Using after 3 months honest review,"This is my first iPhone and it always feels good to hold this masterpiece. This looks premium not just because of its branding, it has everything which makes it feel premium. However, despite all the looks and finish, the transition from Android to Apple is not very smooth and you may constantly lack certain features that can make life easy. I was using vivo y19 Lite before this and still have that phone with me. Putting out the feature that is being missed by me-1. Forwarding Anything in Whatsapp: Forwarding anything in Whatsapp from IPhone takes bit more step as compared to what is being offered in Android. This makes the entire process slow for an Android User2. App Switcher: Apple could have easily made App Switcher easy with just light Swipe up, instead they made it with long pressed Swipe up. Why man, why.. You don't have any features for Swipe up, just make it easy to launch.3. Andorid Dialer is Always Missed: Every android has a basic feature, where you can search the contact directly from Phone Dialer, here Dialer is used for Dialing Number only and it will not suggest you similar contact from contacts or last Dial. This is really bad.. If you have to Dial a number directly, use Dialer.. If you have to dial someone from Recent Call log, shift to that and if you to dial someone from contact, shift to that. Man, all this can be done under one button, under dialer. Android user will miss this very badly.4. Sending Multiple Files in Whatsapp: If you wants to add more than 1 file directly from whatsapp, you have to do it twice. In Android, one can simple start selecting from whatspp itself and can select as many files as they wants and can send in a single click. Here for sending multiple files, you have to go to gallery or folder and select all files first and share it through whatsapp.5. No Swipe based shifting from Chats to Status and to calls: In Android Whatsapp, you can switch between Calls, Chats and Status by just swiping, here you have to press button of each.6. Contact Viewing: Contact list sorting method is still out of my mind. Man, make it easy. For example, if one of your contacts First Name or Middle Name or Last Name, any one of thing start with Alphabet ""A"", than it will be shown on top of the list. Apple, pls adopt any one method or at least allow us to customise it.7. Many Apps in Android are much more refined than its version on Apple.8. This is for those who had use Samsung Pay: Samsung Pay was one of the best app for making UPI or Card Payment, just swipe up from home screen of Samsung Phones (Only S Series) and the app is open for payment, I miss that here very badly.9. Lack of Dual Messenger Facility: You can't use two different WhatsApp numbers here in the same phone, as supported in all android right now.These are the issues that I face right now. Apart from this, the phone is good, the sound is loud and clear, it Feels Premium in Hand, the Touch is very good and Face ID works like a charm. Gesture control customisation is really good and you can customise a lot of things."
B09G9BL5CP,India,24-07-2024,TRUE,5,Redefining Excellence: A Review of the iPhone 13 128GB,"The iPhone 13 128GB has surpassed my expectations in every aspect, setting a new standard for smartphone excellence. From its sleek design to its powerful performance and innovative features, this device has truly redefined what it means to own a premium smartphone.Design and Build Quality:The iPhone 13’s design is a masterpiece of craftsmanship, featuring a sleek aluminum frame and a stunning ceramic shield front cover. The device feels incredibly premium in hand, with its compact form factor and exquisite attention to detail. The IP68 water and dust resistance provide added durability and peace of mind, making it perfect for everyday use.Display:The Super Retina XDR display of the iPhone 13 is nothing short of breathtaking. The 6.1-inch OLED screen delivers vibrant colors, deep blacks, and excellent brightness levels, ensuring an immersive viewing experience for everything from streaming videos to browsing the web. The True Tone technology adapts the display to ambient lighting conditions, providing a comfortable viewing experience at all times."
B09G9BL5CP,India,25-06-2024,TRUE,5,⭐⭐⭐⭐⭐ Great Phone - Super Happy with My iPhone 13!,"I've been using the Apple iPhone 13 (Blue) for six months now, and it's been fantastic. Here's my take:Design:The blue color looks really cool and the phone feels premium. It's sleek and comfortable to hold.Screen:The display is sharp and bright. Watching videos and scrolling through photos looks amazing.Speed:This phone is super fast. I've had no issues with lag, even when playing games or multitasking.Camera:The cameras are awesome. Photos come out clear and vibrant, and it works great in low light too. Video recording is top-notch. Battery:The battery life is solid. I get through a full day easily, even with heavy use. Fast charging is a nice plus.Software:iOS is smooth and easy to use. I love how well it works with my other Apple devices.Overall, the iPhone 13 is a great phone and I'm really happy with it. Definitely recommend it!"
B09G9BL5CP,India,04-02-2023,TRUE,4,Android to Apple Transition - Not a very smooth experience,"This is my first iPhone and it always feels good to hold this masterpiece. This looks premium not just because of its branding, it has everything which makes it feel premium. However, despite all the looks and finish, the transition from Android to Apple is not very smooth and you may constantly lack certain features that can make life easy. I was using Samsung S10 Lite before this and still have that phone with me. Putting out the feature that is being missed by me-1. Forwarding Anything in Whatsapp: Forwarding anything in Whatsapp from IPhone takes bit more step as compared to what is being offered in Android. This makes the entire process slow for an Android User2. App Switcher: Apple could have easily made App Switcher easy with just light Swipe up, instead they made it with long pressed Swipe up. Why man, why.. You don't have any features for Swipe up, just make it easy to launch.3. Andorid Dialer is Always Missed: Every android has a basic feature, where you can search the contact directly from Phone Dialer, here Dialer is used for Dialing Number only and it will not suggest you similar contact from contacts or last Dial. This is really bad.. If you have to Dial a number directly, use Dialer.. If you have to dial someone from Recent Call log, shift to that and if you to dial someone from contact, shift to that. Man, all this can be done under one button, under dialer. Android user will miss this very badly.4. Sending Multiple Files in Whatsapp: If you wants to add more than 1 file directly from whatsapp, you have to do it twice. In Android, one can simple start selecting from whatspp itself and can select as many files as they wants and can send in a single click. Here for sending multiple files, you have to go to gallery or folder and select all files first and share it through whatsapp.5. No Swipe based shifting from Chats to Status and to calls: In Android Whatsapp, you can switch between Calls, Chats and Status by just swiping, here you have to press button of each.6. Contact Viewing: Contact list sorting method is still out of my mind. Man, make it easy. For example, if one of your contacts First Name or Middle Name or Last Name, any one of thing start with Alphabet ""A"", than it will be shown on top of the list. Apple, pls adopt any one method or at least allow us to customise it.7. Many Apps in Android are much more refined than its version on Apple.8. This is for those who had use Samsung Pay: Samsung Pay was one of the best app for making UPI or Card Payment, just swipe up from home screen of Samsung Phones (Only S Series) and the app is open for payment, I miss that here very badly.9. Lack of Dual Messenger Facility: You can't use two different WhatsApp numbers here in the same phone, as supported in all android right now.These are the issues that I face right now. Apart from this, the phone is good, the sound is loud and clear, it Feels Premium in Hand, the Touch is very good and Face ID works like a charm. Gesture control customization is really good and you can customize a lot of things."
B09G9BL5CP,India,18-07-2024,TRUE,4,Iphone 13,"After purchasing the iPhone 13, I’m genuinely impressed with its performance and features. Here’s a detailed review based on my experience:### Design and Build QualityThe iPhone 13 feels incredibly premium in hand. The flat edges and matte finish on the back give it a sleek and modern look. The build quality is top-notch, with the Ceramic Shield front adding a layer of durability that gives me confidence in its longevity.### DisplayThe 6.1-inch Super Retina XDR display is absolutely stunning. The colors are vibrant, and the blacks are deep, making everything from photos to videos look fantastic. The brightness levels are impressive, and even in direct sunlight, the screen remains perfectly readable. The slightly smaller notch is a nice touch, offering a bit more screen space.### PerformanceThe A15 Bionic chip is a powerhouse. The iPhone 13 handles everything I throw at it with ease, from multitasking to gaming. Apps open almost instantly, and there's no lag whatsoever. It’s clear that this phone is built for speed and efficiency.### CameraThe camera system on the iPhone 13 is a standout feature. The 12MP wide and ultra-wide lenses capture stunning photos with great detail and color accuracy. Low-light performance is particularly impressive, thanks to the sensor-shift optical image stabilization. The new Photographic Styles and Cinematic mode are fantastic additions, allowing for creative freedom and professional-looking videos.### Battery LifeBattery life has been a pleasant surprise. I easily get through a full day of use on a single charge, even with heavy usage. The efficiency of the A15 Bionic chip and the slightly larger battery make a noticeable difference compared to previous models.### SoftwareiOS 15 is smooth and intuitive. The new features like Focus modes, enhanced FaceTime capabilities, and improved privacy controls make the user experience even better. Everything feels well-integrated and easy to use.### Overall ImpressionThe iPhone 13 has exceeded my expectations. It offers a perfect balance of performance, design, and innovative features. Whether it’s the stunning display, powerful camera system, or impressive battery life, every aspect of this phone feels well-thought-out and polished. I highly recommend it to anyone looking for a premium smartphone experience."
B09G9BL5CP,India,17-08-2024,TRUE,4,Good product,Good product
B09G9BL5CP,India,06-08-2024,TRUE,4,Value for Money,"Stunning Display: The Super Retina XDR display is vibrant and sharp, making everything from photos to videos look fantastic.Performance: Powered by the A15 Bionic chip, the iPhone 13 handles multitasking, gaming, and demanding apps with ease."
B09G9BL5CP,India,13-08-2024,TRUE,4,Delivered on scheduled date,I am satisfied with the product and schedule
B09G9BL5CP,India,16-08-2024,TRUE,4,Nice,M loving it ......
B09G9BL5CP,India,06-09-2024,TRUE,5,☺️☺️,"Well, it’s an iPhone."
B09G9BL5CP,India,27-10-2022,TRUE,1,iPhone 13,Product was defective  with in 24 hrs of getting productphone was found defectiveis amazon is buying defeective product or maple is selling defective product to amazon
B09G9BL5CP,India,31-03-2022,TRUE,1,Showoff product,I bought this phone Bcoz I have lot of money to showoff.
B09G9BL5CP,India,01-07-2022,TRUE,1,Body got minor cut mark in the body,Phone’s body is not so strong
B09G9BL5CP,India,09-08-2024,FALSE,5,Apple iPhone 13 (256GB) - Pink,"The Apple iPhone 13 (256GB) in Pink offers a combination of elegant design, solid performance, and advanced features. Here’s a detailed review:### Design and BuildThe iPhone 13 in Pink sports a sleek and refined design with flat edges, a ceramic shield front cover, and aerospace-grade aluminum edges. The Pink color option is soft and subtle, making it an attractive choice for those who prefer a pastel look. The device feels premium in hand, and its compact size makes it comfortable to use one-handed.### DisplayThe 6.1-inch Super Retina XDR display is vibrant and sharp, providing excellent color accuracy and contrast. Whether you’re streaming videos, browsing photos, or playing games, the display offers a rich visual experience. The smaller notch compared to previous models also allows for slightly more screen real estate.### PerformancePowered by the A15 Bionic chip, the iPhone 13 delivers fast and efficient performance. Whether you’re multitasking, gaming, or using resource-intensive apps, the device handles everything smoothly. The 256GB storage variant provides ample space for apps, media, and files, making it a good option for users who require more storage.### CameraThe dual-camera system features a 12MP wide and a 12MP ultra-wide lens. The cameras perform exceptionally well in various lighting conditions, producing detailed and vibrant photos. The improved low-light performance and Night mode make it possible to capture clear images even in dim settings. The new Photographic Styles feature allows for customization of the tone and color of your photos without compromising on the overall quality.### Battery LifeThe iPhone 13 offers improved battery life compared to its predecessor. With moderate use, the device can easily last a full day on a single charge. The introduction of smart data modes, which switch between 5G and LTE depending on your usage, also helps in conserving battery.### SoftwareRunning on iOS 15, the iPhone 13 brings a range of new features and enhancements, such as Focus mode, redesigned notifications, and improved FaceTime capabilities. The user interface is smooth and intuitive, making it easy to navigate through apps and settings.### Additional Features- **5G Connectivity:** Offers faster download and upload speeds, improving the overall browsing and streaming experience.- **MagSafe Compatibility:** The device supports MagSafe accessories, allowing for easy attachment of chargers, wallets, and other accessories.- **Water and Dust Resistance:** The iPhone 13 is rated IP68, meaning it can withstand being submerged in water up to 6 meters for 30 minutes.### ConclusionThe iPhone 13 (256GB) in Pink is a solid choice for those looking for a stylish and powerful smartphone. It combines top-tier performance with a beautiful display, excellent camera capabilities, and long battery life. While it may not be a massive upgrade for users of the iPhone 12, it still offers enough enhancements to be a worthy investment for those using older models or wanting the latest features."
B09G9BL5CP,India,09-10-2023,FALSE,5,Must Order in Great Indian Festival Sale,This phone is very awesome and very well packed and totally freshed and transparent Delivery must Order if your pocket Allows❣️
B09G9BL5CP,India,12-08-2022,FALSE,5,Terrific purchase!,"Camera is obviously amazing. Apart from taking pictures, battery backup is so amazing and inbulit iMessage have ultimate features. Emojis are way too much cute."
B09G9BL5CP,India,08-03-2022,FALSE,2,Maja nai aaya,Maja nai aaya sach bolu pichhla wala hi haiKuch naya waya karte nai hai yeh apple waale bilkul maja nai aaya
B09G9BL5CP,India,05-07-2022,FALSE,5,Amazing phone and amazing packaging by Amazon,"Outstanding Phone and camera and delivered in one day amazing experience from Amazon , just shifted from android to ios"
B09G9BL5CP,India,21-06-2022,FALSE,5,I want to switch Android to iPhone,Hi I want to switch Android to iPhone. Someone please shopping for me. Thank you. And god always bless you.
B09G9BL5CP,India,25-09-2021,FALSE,5,Iphone 13 product red,Best phone ever . I was using iphone 12 but now I had upgrade to 13 thanks Amazon thank a lot
B09G9BL5CP,India,26-07-2022,TRUE,5,Simply awesome,Awesome performance. camera’s are beast
B09G9BL5CP,India,07-10-2022,TRUE,5,Little heavy but Superb phone,
B09G9BL5CP,India,27-03-2022,TRUE,5,Great phone,Amazing phone with great features. User friendly wont be switching to android again I think
B09G9BL5CP,India,01-02-2022,TRUE,5,My first iphone experience,Really really awesome model to be in hands..The display has a great variation comparable to the android mobiles.
B09G9BL5CP,India,04-06-2022,TRUE,5,Iphone 13,Best phone from the iphone series
B09G9BL5CP,India,08-05-2022,TRUE,4,nice purchase,
B09G9BL5CP,India,26-02-2022,TRUE,5,Phone heated,While playing camera and video recording the phone is getting heated
B09G9BL5CP,India,09-07-2022,TRUE,5,Nothing,Touch
B09G9BL5CP,India,12-02-2022,TRUE,5,BEST PHONE,THIS IS THE BEST SMART PHONE I HAVE USED
B09G9BL5CP,India,09-03-2022,TRUE,5,Wow,First phone amazing
B09G9BL5CP,India,31-08-2022,TRUE,5,Life is better with it,"Hangs a little, ui can be cleaner. Camera is bonkers. Good durability, phone was dropped with a normal case multiple times and nothing happened"
B09G9BL5CP,India,13-04-2022,TRUE,5,New to Apple family,It is a great and happy feel to be a part of apple now from android. A very excellent phone. Superb picture quality nice battery life but no finger sensor. Amazing mobile so far.
B09G9BL5CP,India,12-02-2022,TRUE,5,Is very smooth and fast.,"I thought upgrading from 11 to 13 would be a hassle. I could transfer all my data from 11 to 13 very easily, Never even had to connect to a pc  or download an app."
B09G9BL5CP,India,12-07-2022,TRUE,5,Smooth as butter,I have always been an android user. But boy I was impressed with iPhone 13. The smoothness the phone offers is unmatchable !
B09G9BL5CP,India,18-02-2023,TRUE,5,Ocm,Superb
B09G9BL5CP,India,03-08-2023,TRUE,2,Poor Wifi,"Wifi issue after 6-7 months, wifi remains connected but can't open any websites, after switching to mobile network, things works well"
B09G9BL5CP,India,17-08-2022,TRUE,5,Excellent expensive phone/camera,Present batterylife is excellent. From morning 9 to evening average use consumes only 30% battery.
B09G9BL5CP,India,13-11-2022,TRUE,5,Excellent product,Highly responsive processor. Good Camera. Crisp display.
B09G9BL5CP,India,30-12-2022,TRUE,5,I am happy,Fantastic
B09G9BL5CP,India,29-10-2022,TRUE,5,Excellent,Excellent product
B09G9BL5CP,India,28-06-2022,TRUE,5,Super phone,Battery is fabulous camera is great
B09G9BL5CP,India,14-09-2022,TRUE,5,Super Good,Super
B09G9BL5CP,India,31-08-2022,TRUE,5,iphone 13,
B09G9BL5CP,India,02-08-2022,TRUE,5,Complete phone 👌👌,Super
B09G9BL5CP,India,21-10-2022,TRUE,2,"Great product, poor customer service","The phone is great, the problem i faced is incorrect serial number in the invoice. Have been contacting customer service for more than a month, still not sorted! Would recommend everyone to check the serial number in the invoice with the actual product"
B09G9BL5CP,India,01-06-2022,TRUE,5,Worth every penny,Just awesome
B09G9BL5CP,India,12-11-2021,TRUE,3,Touch is not up to the mark and software is too cumbersome and has snob value,Battery drains fast and it should not be priced more than Rs 60000
B09G9BL5CP,India,19-04-2022,TRUE,5,Excellent one,Superb mobile
B09G9BL5CP,India,16-04-2022,TRUE,5,Aag lga de aasa phon h,Mast h
B09G9BL5CP,India,14-02-2022,TRUE,1,Recieved damage product,"Have Dent on the edge after checking trying to replace the product but we unable i have try many ways to replace  so please don,t buy fom online plateform this expensive phones ."
B09G9BL5CP,India,31-10-2023,TRUE,5,Good,Perfect for iphone lovers.
B09G9BL5CP,India,06-02-2023,TRUE,4,Class in Hand,"Build Quality is Far better than other competitors in market, one the best Smartphones under 60k. As I switched from Mi11x so I miss 120htz refresh rate in this Phone, but apart from that everything works perfectly especially Camera."
B09G9BL5CP,India,20-03-2023,TRUE,4,Nice phone,Very nice attractive phone serv8ce
B09G9BL5CP,India,08-06-2022,TRUE,5,Best purchase,Go for itI am using this phone for more than 6 months now and its working with charm since I bought it.Its still feels just like new for handling same as I used on day 1Really IOS is so polished that you wont be observing any lag or hang state on phone
B09G9BL5CP,India,20-02-2022,TRUE,4,No pain on operating,Each thing is good but as visible midnight Black that is totally different which I find so could be better if it's totally black or z black.
B09G9BL5CP,India,27-08-2022,TRUE,5,"Why iPhone, go for an Android.","Just to be different, iPhone is there, useless OS, very few features, looks like a matchbox or a cigarette case. Use it if you want miss out on many great features of Android."
B09G9BL5CP,India,22-05-2023,TRUE,5,Amazing product,User friendly
B09G9BL5CP,India,09-08-2022,TRUE,5,perfect device,Perfect business phone with excellent camera quality ..if yo love to do the photography its right choice
B09G9BL5CP,India,14-07-2022,TRUE,5,Review from the iPhone itself,FANTASTIC is the word to describe the experience. Coming from 10 years as android user including Pixel 4.
B09G9BL5CP,India,14-02-2024,TRUE,1,Achha anubhav nahi raha,Colour same delivery nahi kiya aur speaker bhi kharab tha chal hi nahi raha tha
B09G9BL5CP,India,21-06-2024,TRUE,5,Awesome everything.  Apple >>>>> Android,Loved it
B09G9BL5CP,India,02-03-2024,TRUE,4,iPhone 13 (BLUE),"iPhone 13 is like wow , I have updated from my iPhone SE 2020 to 13 and then I’m feeling like wonderful.the phone camera is 4.5 out of 5 .Multitasking is very easy and thanks to Amazon for secure packaging."
B09G9BL5CP,India,09-05-2024,TRUE,5,Absolute brilliance!,"You don't need to explain how good apple products are. My earlier iPhone was SE 2020, which worked very well. I exchanged my iPhone SE 2020 with this iPhone 13 and the phone is a wonder. Everything is flawless, speed, performance, face-ID speed.. Just perfect!!"
B09G9BL5CP,India,08-05-2024,TRUE,5,Received refurbished item,I’ve received refurbished item in summer sale.Apart from above comment - iPhone 13 is awesome phone .. Value for money at this price.
B09G9BL5CP,India,02-06-2024,TRUE,5,Original,"Absolutely original, received brand new i phone 13, go for it."
B09G9BL5CP,India,17-01-2024,TRUE,4,An all-rounder,"This phone won’t disappoint you in any aspect,whether it’s the battery life,performance or the cameras but what you might miss is a 120hz screen or perhaps a telephoto lens but if those things do not concern you then there’s actually no reason for you to not buy this, it’s the best phone if you can get it for under 50k,period."
B09G9BL5CP,India,04-06-2024,TRUE,5,Okay product,Exchange of the product was not working
B09G9BL5CP,India,11-06-2024,TRUE,5,Best buy,Loved it and price is best in sale.
B09G9BL5CP,India,06-06-2024,TRUE,5,Good,Nothing
B09G9BL5CP,India,30-05-2024,TRUE,5,Very good and nice product,Nice phone and nice performance all over is good in phone 📱 comparison to14 better than the 13
B09G9BL5CP,India,26-01-2024,TRUE,5,Awesome,Product is good only thing is Amazon delivery is poor
B09G9BL5CP,India,17-05-2022,TRUE,5,Amazing phone,"It is an amazing phone, the entire experience is buttery smooth although the battery is a slightly let down but cannot complain much as it has come a long way since the older iphones, it manages to give a day’s battery life with 6-7 hours screen time which is decent (depending upon how you wanna use your phone, i use mine primarily for work, emailing, googling, watching videos and all). The camera is actually great especially the video quality is wow, this is my switch from android to ios for the first time, although there are a few restrictions in terms of customisation and all but otherwise the phone is great, total value for money (got it for 62k)"
B09G9BL5CP,India,04-09-2022,TRUE,5,"IPhone 13, a benchmark for other phones out on the market !!","I have been using IPhone 7 for nearly 4 years and finally decided to switch to IPhone 13. Now it’s been like nearly six months I been using this phone and I couldn’t really find a real drawback what do ever.Camera is the best. I am not exaggerating, it is better than the entry level DSLR’s. Performance, battery life, sound, display - I am so impressed.The only drawback I could see is phone is slightly heating up while playing games or charging.But it’s still worth a buy."
B09G9BL5CP,India,20-02-2022,TRUE,3,Not a great phone!,"I switched from Oneplus 5t to iPhone 13. The reasons I switched was 1. Battery life of Oneplus 5t deteriorated rapidly and OnePlus hardly cared to explain this. I also suspected that OnePlus deliberately created a bug that led to sudden drop in battery life. 2. Wanted to get an Android phone but could not find even one decent phone that did not have heating issues. 3. Oneplus device also suffered from Screenburn.Having switched the battery life is sorted and the phone does not have any heating issues but iPhones lack basic features such as1. Display of date and time on status bar2. The rounded edges of the phone create a problem as some apps with options at the bottom of the screen are not properly displayed.3. Amazon App does not allow purchase if Kindle books on iOS devices.4. Typing is a problem as the screen is smaller compared to a OnePlus device.Overall, I am neither too happy nor too sad with the purchase though I must confess that price of the phone seems exorbitant vis a vis the value delivered."
B09G9BL5CP,India,18-01-2024,TRUE,5,Top Quality product,Worthy of Money
B09G9BL5CP,India,24-04-2023,TRUE,4,Quality matter,After using almot 6 month this phone is running smooth as new one there is some network issues with this phone but although overall you can buy it-MG
B09G9BL5CP,India,10-01-2024,TRUE,5,It's really too gud,Such a great app
B09G9BL5CP,India,15-01-2024,TRUE,5,Good phone according to budget............,Good phone according to budget................
B09G9BL5CP,India,17-10-2023,TRUE,5,Very Good and the best Premium Phone in the segment and better than any other android phone,It is better than any other premium phone which is cost more than this like s22I would recommend for who wantPerformance 10/10Camera 9/10Video 10/10Display 10/10Sound 10/10
B09G9BL5CP,India,23-03-2022,TRUE,5,"For me, it’s best","As a first time iPhone user, I was very confused to buy this iPhone 13 or 12 though price difference is manageable…so after all reviews and conclusion I went for iPhone 13 and now after one month usage I can say I have made very right choice. Works very well for me. Be it camera, battery , display. Everything is just perfect…after all it’s an iPhone. And I am moderate user.. so I don’t play heavy games on this device..hence with normal usage it gives me approx 1.5 days battery back up. Hope it helps to choose the right phone for you :-)"
B09G9BL5CP,India,09-05-2024,TRUE,4,Superb,good
B09G9BL5CP,India,10-06-2024,TRUE,5,Bharat Sharma,Best product and camera is just awesomeBought it in sale at best price with no cost emi offerCharging is working best to its use
B09G9BL5CP,India,15-05-2024,TRUE,4,Great buy,Awesome
B09G9BL5CP,India,14-07-2024,TRUE,5,Awesome Quality,Nice phone to use
B09G9BL5CP,India,26-06-2024,TRUE,5,I switched from Android to iPhone... and it was the best decision,Amazing camera quality.....deep details camera
B09G9BL5CP,India,03-06-2024,TRUE,5,Nice phone in this budget,I liked the phone the sound quality is insane and very fast charging the size of phone is also preety good and the display is the best I tested the performance is also very smooth and fast and very light weight phone I recommend you to buy it instead of iPhone 14.
B09G9BL5CP,India,05-07-2024,TRUE,5,Ios,Good quality features 👍
B09G9BL5CP,India,24-03-2024,TRUE,4,Nothing special,"What do you want to hear about iPhone,if you are reading this review,it means that you have already done enough research to buy it.so, congratulations for your new iphone🎉"
B09G9BL5CP,India,01-09-2024,TRUE,2,Overnight battery draining issue,"It's been less than a year and I am facing overnight battery draining issue, to give you an example i charged my phone at 78% yesterday at 7.40 PM and today morning at 97.00 AM the battery got drained upto 22%. I have not even touched my phone. I tried many things ,I was using low power mode, stopped background application refreshing, and even turned of wifi,mobile data and location. This was the costliest phone i bought last year and this has serious battery issues."
B09G9BL5CP,India,21-03-2024,TRUE,4,Iphone,Do I need to write a review for iPhone ?People still gonna buy it anyway.Little bit disappointed from macro lens otherwise who criticize Apple.
B09G9BL5CP,India,30-11-2023,TRUE,5,Best camera,"Best camera with cinematic mode, the wide-angle is good,  but the night vision contains noise. the battery backup is good."
B09G9BL5CP,India,16-10-2023,TRUE,3,I am not happy,I thought the mobile would turn out to be very big.  It turned out to be small but the heart did not enjoy it.
B09G9BL5CP,India,17-12-2023,TRUE,5,Excellent phone,Apple full value of money
B09G9BL5CP,India,02-02-2024,TRUE,2,Over-rated and not user friendly,"If you are an Android user, stick to the best available Android in your budget. This is an over-hyped device which performs poorly on hygiene parameters (for eg. there is no function to go back), has poor precision in touch, limited battery life which dies much before the day ends to name a few. Also, transferring data from Android is an issue."
B09G9BL5CP,India,19-10-2023,TRUE,5,Received happyly,It's very beautiful and weight less so it's very easy to carry.So nice
B09G9BL5CP,India,18-11-2023,TRUE,5,My 13 Dream,I want to use this phone for my whole day work.
B09G9BL5CP,India,11-10-2023,TRUE,5,Good phone,Packaging was very questionable but phone is great
B09G9BL5CP,India,10-12-2023,TRUE,5,Nice,Nice
B09G9BL5CP,India,08-12-2023,TRUE,5,One of the best phone,Superb
B09G9BL5CP,India,11-08-2022,TRUE,4,Good but fell short of expectation,"Moving from android to ios was not very easy however, now settling down slowly after initially facing lots of issue. Was expecting more from camera particularly in photo section and battery. Rest only time will tell If a U turn would be needed or not."
B09G9BL5CP,India,15-05-2024,TRUE,5,Value for money.,I switch to I Android from I phone.After 7 months use . I give a genuine review . It's all' over good performance.
B09G9BL5CP,India,20-06-2024,TRUE,5,Good,Good
B09G9BL5CP,India,13-06-2024,TRUE,5,Smooth,Save money and buy this phone. You will not regret later. Smooth experience.
B09G9BL5CP,India,04-06-2024,TRUE,5,Iphone 13,Everything about this device is perfect!
B09G9BL5CP,India,06-01-2024,TRUE,4,Smooth as butter,This is very much first time I am using an Iphone and my experience is very good until now. UI is very seamless and lag free but yes sometimes i noticed app crashing or getting refresh in background. Camera quality is superb especially for videography. Night photos are ok but can still see grains while taking photo in low light situation.
B09G9BL5CP,India,28-05-2024,TRUE,5,Fantastic,Apple never disappoints with its brand value. I had a great experience using their product. Thanks to Amazon for the same-day delivery.
B09G9BL5CP,India,06-09-2024,TRUE,2,Defective product video calling is very noisy,The phone's video calling is very poor and noisy and call drops in between the conversation. The defect arises later after the return window is closed! Very bad experience 😔
B09G9BL5CP,India,01-07-2023,TRUE,5,Great iPhone 13 Purchase with Room for Improvement in Packaging,"I must say, it has exceeded my expectations in many ways. The product I received was genuine, and the camera is absolutely lovely, capturing moments with stunning clarity and vividness. Overall, the iPhone 13 delivers a significant upgrade over my previous Android device, and although I was initially skeptical about downgrading from a 120Hz display to 60Hz, the phone's performance feels far from clunky or sluggish.The camera system on the iPhone 13 is nothing short of impressive. It produces stunning images, offering a level of detail and color accuracy.In terms of performance, the iPhone 13 truly shines. Its powerful A15 Bionic chip ensures smooth multitasking, seamless app navigation, and impressive gaming experiences. The device feels snappy and responsive, effortlessly handling resource-intensive tasks. I appreciate the optimized performance that comes with the iPhone 13.Now, let's address the issue that left me somewhat disappointed—the packaging. Considering the price tag of 61,000 INR, one would expect more attention to be paid to the packaging. Unfortunately, the phone arrived in a flimsy packet, which had clearly been subjected to the challenges of long-distance transportation. The iPhone box itself was damaged, but luckily, the phone inside was unharmed. It's disheartening to see such carelessness from the seller Appario Retail when it comes to packaging such an expensive device. I hope this issue can be addressed by the seller to ensure a better customer experience in the future.Despite the packaging mishap, the iPhone 13 has proven to be a remarkable device. If you're looking to switch from Android or upgrade from an older iPhone, the iPhone 13 is definitely worth considering."
B09G9BL5CP,India,06-11-2023,TRUE,3,I faced an camera issue so because I'm giving 3star for this!!!,"Hello guys! I purchased this at best price , when it's delivered there is no issue found in this product. No scratches and no cracks fully new and genuine product given by Amazon!!! When I checked after getting delivery all things are working perfectly fine 🙂 but after a day I updated my iphone so after I found an camera issue ( camera is shaking [ Rear Camera ] so guys I tried to replace the product but Amazon tolds me I have to go first in iPhone main showroom for diagnosis! Amazon just told me to go apple shop and told him what is happening with the phone , and if they deny to repair the product then I have to ask for (Denial report) so I firstly go in iVenus (apple authorised service centre) but they give me a job sheet not denial report but they refused to repair as well! Then after I go in Mumbai (Apple BKC) for service apple BKC is main showroom of iphone where they are very professional and talk in very fluent English as well! So they took my product for the repair then they took around 19 days to repair or replace the parts of my iphone !!! They replaced (Camera) but they also replaced Battery I asked why they replaced Battery so they told me some scratches on battery because they need to replace the battery !!! So guys this is my experience I shared with you !!!! I hope this will help you!."
B09G9BL5CP,India,21-05-2024,TRUE,3,I want to claim GST inputs to my GST account,I want to include my GST details to claim GST inputs.
B09G9BL5CP,India,02-08-2024,TRUE,5,Excellent,Excellent
B09G9BL5CP,India,24-05-2024,TRUE,4,Battery issue,Battery quality is bad and hence didn’t last long even though using social media and no gaming at all
B09G9BL5CP,India,26-05-2024,TRUE,4,Perfect Product,"Perfect product! Awesome battery backup amazing camera, a all day batter backup improved and brilliant"
B09G9BL5CP,India,20-07-2024,TRUE,5,Amazing,Nice product
B09G9BL5CP,India,21-07-2024,TRUE,5,Good phone go for it,
B09G9BL5CP,India,19-07-2024,TRUE,5,Best,Loved the delivery bcz the product is always the best by Apple
B09G9BL5CP,India,03-06-2024,TRUE,4,iPhone 13 camera and all phone best 👍🌠,👍👍👍👍👍👍👍
B09G9BL5CP,India,12-07-2024,TRUE,5,Good,Good
B09G9BL5CP,India,28-04-2024,TRUE,4,Over price,Not value for money
B09G9BL5CP,India,07-06-2024,TRUE,3,IN 2024 and onwards not worth at all,Don’t go for 6.1 in feels ver small .After buying iPhone 13 it fee  very small ans compared to android phone . You can get 6.6 or more bigger screen and no c type  charging port .It’s better to buy iPhone 14 Pro you get 6.7inch display and c type charging port and also videos are more stable in this.
B09G9BL5CP,India,15-10-2023,TRUE,4,Good,Very good but slightly heating but not very much good worth for money
B09G9BL5CP,India,28-04-2022,TRUE,4,iPhone 13 strains  your eye for websites which require scrolling.,Using I phone 13 for past few days.My honest reviewPros:Battery back up is good and improved.you could get easily for a compete day with moderate usageScreen quality is good and comparable to Super AMOLED display.Cons:Screen refresh rate is very low may be @ 60 hz which will strain your eye while scrolling on the web pages and apps which is not good from the price point.Even basic android mobiles will give this and this is not at all acceptable for an iPhone which is major con.Charger is not given in the box and need to be purchased additionally which is also not good at this price point.At least Charger and branded ear pieces have to be given along with box pack.Apple has to improve in these areas.
B09G9BL5CP,India,23-10-2023,TRUE,4,Very nice product,"Good packaging and seal box delivery, red color looks amazing, but don't buy with exchange offers!!"
B09G9BL5CP,India,22-12-2023,TRUE,5,It feels great to fulfill some desires,"Great product in 50,500 rsUsing it feels great , also social confident, andDreamIn today’s , world 1st dream of the people is to have an iphone!Soon will upgrade to 15 pro !"
B09G9BL5CP,India,24-01-2024,TRUE,5,Awesome Apple❤️,Everything is perfect 😍Camera 5/5Display 5/5Battery 🔋 5/5Call quality 5/5Looks 5/5For me IPhone 13 is good deal than IPhone 15
B09G9BL5CP,India,08-10-2023,TRUE,5,Perfect product,"It’s my first time using an iPhone and I’m loving it, totally worth the money for me, got it for just 37k in the great Indian festival sale (7k reduced by exchange including the exchange bonus of 3500 and the credit card discount of 2250)"
B09G9BL5CP,India,12-01-2024,TRUE,5,My first iPhone,This is my first try iPhone. I had this long time dream of possessing an iPhone atleast once in my lifetime. And it finally got fullfilled. Thanks a lot Amazon 🙂🙂👍
B09G9BL5CP,India,01-03-2024,TRUE,5,Nice work,Good
B09G9BL5CP,India,23-02-2024,TRUE,3,Nice buy,Heats up fastly and battery drops soon
B09G9BL5CP,India,19-07-2023,TRUE,5,iPhone 13 (Product Red) Review,It's a very good phone and got a good deal on Amazon. I personally picked the 13 over the 14 as there are hardly any differences between the two. The difference I felt is not worth paying 20-30% additional. Overall the 13 does everything well that is expected of an iPhone.
B09G9BL5CP,India,22-06-2024,TRUE,5,A very good purchase,Good and very prompt delivery. It’s working fine
B09G9BL5CP,India,11-07-2024,TRUE,5,It's original product,I'm happy with Amazon service.Original product delivered
B09G9BL5CP,India,30-06-2024,TRUE,5,Ok,Very nice
B09G9BL5CP,India,01-07-2024,TRUE,5,Very nice product and fully proctect packing from amazon,Really very smart
B09G9BL5CP,India,26-06-2024,TRUE,5,Experience,Satisfied
B09G9BL5CP,India,23-06-2024,TRUE,5,"Best phone for photos , gaming and battery under price","iPhone 13 is best for all the features like its battery life is very good , display is ultra hd , this phone has very fast charging like in 1 hour it fully charge your phone , i have used this mobile since last year and this is best value for money mobile phone under this price . It is better then iphone 14"
B09G9BL5CP,India,10-04-2023,TRUE,5,Good phone,"I’m not a phone fanatic but here is my simple and honest review.As someone who has only used windows and android phones I must say, iPhone is a good upgrade. I do, however, have some issues with the phone. If you are a hard core android user then you WILL face some issues. As in, the fact that iPhone does not have built in call recording feature. In the case of messages, you can reply from the drawer itself but does not have mark as read option. Truecaller absolutely does not work in this phone. I am a premium member on truecaller and it is of no use cause i still get bombarded with spam calls. Dual sim is one nano sim and the other e-sim, no dual tray for both your sim card. I am having issues with screencast/mirroring as well. In short, all the small little things that seems normal and one’s that you’re used to in an android is basically missing in an iPhone. Other than that the phone is great. Camera is great with a lot of features (which I’m still learning). Sound is great. No annoying nudges to keep updating apps. It’ll silently update in the background without the prompt message that it is being updated. Easy to use once you get the hang of it.Update:- i have been using this phone since March’23 so it’s been 2 months now and I have found that this phone is starting to lag a little. Not much, just a little but it is annoying (having spent so much money you’d expect more). Also, even with full network bars i sometimes struggle to get net connection. I have to rely on wifi most of the times and it has become a burden."
B09G9BL5CP,India,14-09-2022,TRUE,5,"Consistent, dependable & need more customization options","Likes -1. A good display2. Great dual speaker sound quality3. It’s fast. I am using for more than a month and it never hanged.4. Updated to IOS 16 and unlike Android phones it is bug free or has very less bugs5. Long term software & security support (a very few Android phone manufacturers gives 5 years OS support with less bugs)6. Consistent camera. I would say the camera is not so hi fi but takes consistently good photos7. Apps are well optimized. Even google apps like YouTube, Maps, Gmail etc works better in IOS rather than their own proprietary OS8. Widgets in IOS 15 and 16. Android has widgets for decades now but IOS took the user experience to a whole new level.9. The new boxy design (introduced with iPhone 12) is cool and looks good.10. Network & call quality is good.11. Haptic feedback is awesome.Dislikes (Some dislikes are due to myself being an Android user for decades)1. The ugly notch. Though they made a dynamic island with iPhone 14 but lets accept the truth its still ugly compared to the hole punch2. Battery life & charging speed.3. Lack of customization. I can’t place the icons wherever i feel like on the screen.4. Lack of fingerprint scanner. Face id is good but fingerprint scanner is more practical, specially when you pay contactless5. Being an Android user I am used to with swipe from the right edge of the screen to go back. In iPhone this is not working & you need to reach out to actual back buttons of the app.6. Settings app is messy as all installed app would show up on the main page. I would say Android settings app is more sophisticated.7. Lastly the price should’ve been less. With all discounts & all it comes ~60k INR and its costly.Overall I am satisfied switching to iPhone 13 from Android (used OnePlus 6t for 3 years). Last time I switched to iPhone was with iPhone 5S and I couldn’t stay for 6 months and switched to Android again. But this time IOS is better in terms of consistency & user experience."
B09G9BL5CP,India,25-08-2024,TRUE,2,My iphone is getting hang,"I have faced this issue many times , once someone call me , I mute it from side button , then again when I try to pick the call it doesn't work , touch stop working.End I press side button once call get disconnected ( I can not off the screen or re-on )I purchase it on 7th aug 2024"
B09G9BL5CP,India,23-05-2024,TRUE,5,Best Processor,Best Smartphone under 50k for real. A little heating problem during charging otherwise worth every penny
B09G9BL5CP,India,22-10-2023,TRUE,1,Discoloration around the camera lenses.,When I received the phone it felt like the brand new..But when I saw the round spot around the camera lense on 2nd day after delivery. I think that amazon fools customer.
B09G9BL5CP,India,26-10-2023,TRUE,1,Never buy anything during Sale,Received different specification & defective charging cable..
B09G9BL5CP,India,24-12-2022,TRUE,1,"Buying, return, service experience is worst","Don't buy expensive products with Amazon and especially Apple products. Once you buy it, it's left to the mercy of apple and Amazon. Neither of them care."
B09G9BL5CP,India,29-01-2023,TRUE,1,Worst camera . Do not buy it,I expected better camera quality at such price. but its bad. Selfie is blurry.
B09G9BL5CP,India,16-01-2024,FALSE,5,mast hai,"The iPhone stands out as a testament to the blend of sophisticated design and cutting-edge technology that Apple is renowned for. With each new iteration, the iPhone continues to push the boundaries of what we expect from a smartphone.Firstly, the design of the iPhone is both elegant and functional. The sleek, minimalist look is not just about aesthetics; it's a reflection of the advanced technology housed within. The build quality is exceptional, with a premium feel that you notice the moment you hold it."
B09G9BL5CP,India,30-12-2021,TRUE,1,Front camera wasn’t working. Got a defective piece.,Front camera wasn’t working. Got a defective piece.
B09G9BL5CP,India,12-01-2024,FALSE,5,A very good phone but low build quality of screen,My phone screen got damaged by just applying little pressure. No dents or cracks. Full screen black green and blue. Took 27k just to replace screen by authorised service center.
B09G9BL5CP,India,09-04-2023,FALSE,4,Heating issue,"Its been a couple of weeks since i get the phone, everything is perfect but lately i got this issue with over heating, i do not play any games my phone usage is mild but still this heating won't stop. I am out of words because i paid so much for this and still got this issue. Is there anything we can do about this ? Suggestion accepted .Thankiu"
B09G9BL5CP,India,25-09-2021,FALSE,3,✋,Same as I phone 12 😑. Who so ever is reading this review I suggest go for I phone 12
B09G9BL5CP,India,06-09-2022,FALSE,5,Screen,The camera quality is very good and the proceser is actually surpriseing hai na ki nhi hai hai na tu baas
B09G9BL5CP,India,29-10-2023,TRUE,5,Genuine iPhone,"I have seen that many Amazon users have been skeptical about purchasing iPhone from Darshita ezone or Darshita electronics. After I ordered the product red iPhone 13 from Darshita ezone, because of these negative reviews, even I got scared. However, I didn't cancel my order and decided to wait. Though Amazon delivered the order little late than I expected, I have received a genuine iPhone 13 product red. I checked the model number and IMEI number. All are perfect. Have been using the phone for almost 3 weeks now. Even updated to iOS 17. It's a gem. No issues. No problem. Heating is understandable during charging. But that's already expected. Thumbs up to both Amazon and Darshita ezone. And do I need to write about iPhone 13? It's awesome already."
B09G9BL5CP,India,04-11-2023,TRUE,5,Amazing phone.,I am moving from Android to ios for the first time. It is been a marvelous experience to use iPhone. I regret now for being an android user. First of all the speed what they have mentioned as lightening speed yes i have experienced the lightening speed. Anything u share in whatsapp or any app u open it opens up in a flash. When I put the phone on charging it sometimes over heat the phone but now i have identified the reason for it too. Do not use the phone When on charging leave it untouched so that it won't over heat. No sort of pauses aur hanging issues at all.
B09G9BL5CP,India,01-11-2023,TRUE,4,Iphone at great indian sale,It was a good phone basically I thought that the phone will in damaged conditions or refurbished phone or some of the featured list will low and i was afraid of that but it was all ok and i am happie about that and i bought it in great indian sale
B09G9BL5CP,India,20-01-2024,TRUE,4,Camera quality is awesome 👍,I'm not a iPhone person but red colour is mine ♥️ my first iPhone purchase so I love camara quality ❣️ so happy with iPhone 13 🫶
B09G9BL5CP,India,21-10-2023,TRUE,4,Got original product with worst packing,Ok guys we get orginal productColour is red128 gbCharging cable is original as both code are matchingPacking was worst no bubble wrapDelivery assistance was very rudeDon't agree to shoot video of opening parcelAmazon is giving permission to do that but delivery agent was rejecting itKindly improve package wrap some bubble cover
B09G9BL5CP,India,07-01-2024,TRUE,4,Value for money,Such a nice product and seller also before receiving order I am scared about the product and seller but both are good and nice thanks Amazon and the seller
B09G9BL5CP,India,12-10-2023,TRUE,5,BEST VALUE FOR MONEY Got for 48k🤑Go FOr IT!👌✅,"I was a Android user after several years I'm buying iphone , Was very sceptical of online ordering I mean the costly items but to my surprise everything went so smooth and very happy with the order. I got best offer and very cheap also got my fav colour red. all I want to say is if you want to get it this is the best time iphone 14 not worth the price if u have older phone jst go to iphone 13 or 15 next year. Amazon op"
B09G9BL5CP,India,13-12-2023,TRUE,4,Smooth and Brightness,The phone is smooth and less engaging and in gaming it super fast but lowers brightness while. Need an automatic brightness button to switch off
B09G9BL5CP,India,07-03-2024,TRUE,5,Best deal even in 2024,Great camera and good perfomance. Only issue is glare in night time videos due to light sources.Battery life is also good
B09G9BL5CP,India,29-02-2024,TRUE,5,Crazy beast,"In love with the product ,Red Colour is just amazing .Got this for less price in great Amazon festival .Value for money , enjoying luxury & apple legacy ."
B09G9BL5CP,India,27-02-2024,TRUE,5,Loving it!!,"Bought the iPhone 13 from Amazon and it's everything I expected and more. Sleek design, powerful performance, excellent camera, and seamless integration with other Apple devices. Fully satisfied and highly recommend it."
B09G9BL5CP,India,23-04-2024,TRUE,5,ios experience 😻,
B09G9BL5CP,India,03-01-2024,TRUE,5,Good product,It's first time I ever purchased an iPhone online I was a bit worried what if i gets a refurbished or pre activated phone but nvm it's all good. Thank you! Definately you can go for it👍 I would recommend
B09G9BL5CP,India,16-12-2023,TRUE,4,Luv the phone,Luv the phone and the camera is awesome
B09G9BL5CP,India,19-03-2024,TRUE,5,Awesome,So beautiful so elegant just looking like a wow
B09G9BL5CP,India,03-11-2023,TRUE,5,Overall User Experience & Reflexive Touch,"I am writing this review after 10 days of using this phone. Now i can relate why no one wants to leave iPhone after using it once. Similarly i never want to switch back to any android phone ever. Thank you amazon for a one day delivery. Reflexive touch, vivid display, amazing camera quality and much more."
B09G9BL5CP,India,28-02-2024,TRUE,5,Box was damaged,Product is bang on but the box was a bit damaged in the corners
B09G9BL5CP,India,06-12-2023,TRUE,5,Next level camera,Previously I was using top of the line android phone like oneplus 8 pro ..but after migrate to apple eco system with iPhone 13 Im mesmerised with the cameras and video quality like DSLR ..and Unbelievable battery life with 7-8 hours SOT with a full day heavy use .. Now I relise Apple is 🍎
B09G9BL5CP,India,24-05-2022,TRUE,5,Switching from Andriod to IOS ....good so far,"Purchased this phone (128 GB version) from Amazon with exchange of one plus 2. With citibank credit card discount, exchange offer, I got it at 67K. Got delviered within 24 hours from Amazon and received original phone. Immeidately checked serail number in Apple website and warranty is geniuine and got it for 1 year.1) Phone will be avaialable with only cable. No adapter.2) Purchased adaptor at Rs.1899 from Amazon. That is also genuine product.3) After using 24 hours, my charge reduced from 100% to 42 %. Good battery.4) Apps  will donwload superfast.5) At the time switching on Iphone will ask for data back up. Please chooose Andriod to Iphone backup and you have to dowload one app in oyur old andriod phone. Iphone display code whcih has to be entered in the app in andriod phone. All contacts, sms, googe drive will automatically transferred to iphone. So easy !6) So far it is good going. Learnig lot...will post you after using few weeks"
B09G9BL5CP,India,26-02-2024,TRUE,5,Its Iphone,"Great camera , Good sound quality , super screen and good battery life."
B09G9BL5CP,India,05-06-2024,TRUE,4,Cam phone,It was an amazing phone either than heating issues we can get an absolute cinematic experience in cinematic mode@apple
B09G9BL5CP,India,23-07-2024,TRUE,5,Good,Overall is good
B09G9BL5CP,India,27-07-2024,TRUE,5,Best,
B09G9BL5CP,India,26-07-2024,TRUE,5,🥳,🥳🥳
B09G9BL5CP,India,16-07-2024,TRUE,5,No words,Handy
B09G9BL5CP,India,18-07-2024,TRUE,5,Good,Overall good
B09G9BL5CP,India,25-04-2024,TRUE,4,Good,Good
B09G9BL5CP,India,11-04-2024,TRUE,4,Good,"As everyone knows it is very Good mobile, but how ever you use battery health percentage will keep decreasing, for me this only issue with iphones"
B09G9BL5CP,India,23-07-2024,TRUE,5,Great,Being an Apple user for several years I love iPhones
B09G9BL5CP,India,06-05-2024,TRUE,4,good,good
B09G9BL5CP,India,07-05-2024,TRUE,4,Amazing deal,Best phone to buy during sale..
B09G9BL5CP,India,24-04-2024,TRUE,4,Camara is outstanding,#Camara is outstanding#Battery Backup need improvement#All is well
B09G9BL5CP,India,22-06-2024,TRUE,5,NYC looking  amazing  good service,NYC looking  amazing  good service
B09G9BL5CP,India,20-06-2024,TRUE,5,Performance & Camera quality,It's performance is osoom n camera quality is very good
B09G9BL5CP,India,25-06-2024,TRUE,5,Very good just amazing iphone,I received my iphone in very good condition.Thanks amazon .
B09G9BL5CP,India,29-06-2024,TRUE,5,Perfect product,I find this perfect colour is amazing I would suggest this to everyone
B09G9BL5CP,India,04-07-2024,TRUE,5,Overall good,
B09G9BL5CP,India,11-05-2024,TRUE,5,Good iPhone,"Nothing to say much as iPhone is finally iPhone , only thing of 13 is good price especially during Amazone sale. If anyone is confused between 13, 14, or 15. And if price is factor go for 13"
B09G9BL5CP,India,05-06-2024,TRUE,5,A great choice,Was not thinking to buy it but iphone 14 se zyada acha camera quality laga.No heatingFast chargingDam good displayBeast performanceVery good soundAnd a medium small which I personally don’t likeCamera is outstanding
B09G9BL5CP,India,09-10-2023,TRUE,4,Quality,"Okay so talking about the phone, before the delivery i was worried about the product as i saw there were not many reviews from other buyers about the seller.. But delivery went well and i got the iPhone.No lies the phone is so far good but there's a catch when i unboxed the package the iPhone box had some dirt on it not too much but it was there then inside the box there was the phone which had some of dust particles on it i don't know how but the phone was sealed packed!!Now talking about the phone it's nice and it's been just one day of having it.. Will write a full review after a longer usage then conclude my thoughts on it but ya phone looks and feel in Starlight color is very premium. From switching Android to IOS it's bit a different feel can't explain that but yaa it'll take time to adjust."
B09G9BL5CP,India,31-07-2024,TRUE,5,Best phone that too in budget,"The iPhone 13 is a solid upgrade, especially for those coming from older models. Its improvements in battery life, camera capabilities, and processing power make it a worthwhile consideration. However, if you already have an iPhone 12, the changes might not be significant enough to justify an immediate upgrade unless the new camera features or increased battery life are particularly important to you"
B09G9BL5CP,India,27-08-2024,TRUE,5,iPhone 13 128gb,Phone looks good as expected and working is amazing.
B09G9BL5CP,India,09-08-2024,TRUE,5,It was my son’s gift,"Though I am not so big techy, I am happy to use it easily without any hassles.  The phone is handy, slim and easy to operate.  With little effort, I could use it happily."
B09G9BL5CP,India,30-08-2024,TRUE,5,Not as good as expected,But still using
B09G9BL5CP,India,27-08-2024,TRUE,5,Good,Nice
B09G9BL5CP,India,10-08-2024,TRUE,5,Love it !,Amazing very smooth to use
B09G9BL5CP,India,02-11-2023,TRUE,4,Best phone experience.,"Design:The iPhone 13 retains the classic Apple design with a sleek and modern appearance. It's available in various colors, catering to different tastes. The build quality is top-notch, with a Ceramic Shield front cover and durable materials that feel premium in hand.Display:The device features a Super Retina XDR OLED display, which offers vibrant colors, deep blacks, and impressive brightness. It's perfect for watching videos, browsing the web, or gaming. The display quality enhances the overall user experience.Performance:Apple's A15 Bionic chip powers the iPhone 13, and it's a powerhouse. The device handles multitasking and demanding applications with ease. It's an excellent choice for both casual and power users. The performance improvements extend to better gaming experiences and faster app launches.Camera:The iPhone 13's camera system offers impressive photography capabilities. It features a dual-camera setup with sensor-shift optical image stabilization, Night mode, and Deep Fusion. These features result in stunning photos, even in low light conditions. The Pro models offer even more advanced camera options.Battery Life:One notable improvement is the battery life. The iPhone 13 provides all-day battery life, which is a significant advantage for users who rely on their phones for work and entertainment. You can expect long-lasting performance without frequent recharging.Software:The device runs on iOS, Apple's operating system known for its stability, security, and regular updates. iOS 15 brings new features like Focus mode, improved notifications, and enhanced FaceTime capabilities, which enhance the overall user experience.Connectivity:The iPhone 13 supports 5G connectivity, ensuring faster download and streaming speeds. It's also equipped with Wi-Fi 6 and offers a seamless online experience."
B09G9BL5CP,India,23-07-2024,TRUE,5,Original product delivered,"I got 100% original product that too with proper packaging and no defect. Display, sound quality, camera all were perfect.Charging code is in the box with iphone"
B09G9BL5CP,India,26-07-2024,TRUE,5,Apple,Name at its best
B09G9BL5CP,India,24-04-2024,TRUE,4,Overall a good beast in price,Pros :- 1) Offcourse a clean apple os2) A beast for gaming3) Battery backup decent4) Display is best in the segment5) The feel when keeping it in hand was awesomeCons :- 1) Camera performance was very much decreased after upgrading to ios 17.4.12) Heat’s much while gaming and not using the a seperate fan for device
B09G9BL5CP,India,25-07-2024,TRUE,5,package and everything is fabulous,excellent product!! Amazon is great like jeff bezos
B09G9BL5CP,India,23-07-2024,TRUE,5,Superb phone,Over performance of the phone is nice
B09G9BL5CP,India,11-08-2024,TRUE,5,Better quality photos,I realy happy about its performanceBut its Battry health will decrease rapidly ‘at last it is a good choice to buy an iPhone  ❤️
B09G9BL5CP,India,23-07-2024,TRUE,5,Good,"Nice phone , iam fully satisfied this phone"
B09G9BL5CP,India,20-07-2024,TRUE,5,Excellent.,Value of money. Very hard and tough. Working normal even after sinking in water two times.
B09G9BL5CP,India,29-07-2024,TRUE,3,Too expensive,Don’t like it
B09G9BL5CP,India,26-05-2024,TRUE,4,Only problem is the battery,"Battery time was low , often need to charge two times a day"
B09G9BL5CP,India,09-07-2024,TRUE,3,Alert slider is lose,Alert slider is lose on my phone …. How did it happened….apple or amazon plz replace my product
B09G9BL5CP,India,16-06-2024,TRUE,5,Love,1. Touch Screen 😘2. Camera quality too good3. No heat issue4. Sound is Cristal clear5. Easy to use Cheap price value of money 🤑
B09G9BL5CP,India,16-07-2024,TRUE,5,Amazing device.,This device is worth buying.Amazing 😍
B09G9BL5CP,India,04-01-2024,TRUE,4,heating,sometimes overheating issues
B09G9BL5CP,India,07-12-2023,TRUE,4,Battery Performance,Using This phone for 1 month battery needs to be upgraded otherwise it is good.
B09G9BL5CP,India,05-08-2024,TRUE,2,Battery heating problem,While charging too much battery heating problem happened
B09G9BL5CP,India,27-11-2023,TRUE,4,Right choice,I have been using iPhone 13 for the last 1 month. A great experience.Right now ios17.1 runningJust captivateing stuff
B09G9BL5CP,India,04-04-2024,TRUE,5,Good product,Good product
B09G9BL5CP,India,21-10-2023,TRUE,5,Just Class,"This is my first iPhone shifted from an android and gosh this is such an awesome phone, very well managed battery usage awesome camera video camera quality top of the line😍😍❤️ and plus it’s so smooth and no ads or bloatware apps like in android just superb only two issue slow battery charging and 60hz refresh rate feels lil bit slow my last device was of 120 hz"
B09G9BL5CP,India,01-02-2024,TRUE,5,Running smooth,"Using iPhone 13 from three days, it is running smooth. Till now I used iPhone 5S, SE1,SE2 and 11. Compared to all these it is very smooth while using."
B09G9BL5CP,India,24-10-2023,TRUE,4,Camera quality,Camera quality is not up to the mark.Battery life is averageEasy to access
B09G9BL5CP,India,23-10-2023,TRUE,4,Overall Perfect Phone,"iPhone 13 best in all categories except battery, battery drain out in 5-6 hrs with moderate use"
B09G9BL5CP,India,24-10-2023,TRUE,4,Average,From android to iPhone is difficult for me there are lots of things that android user feel the android feature in iPhone
B09G9BL5CP,India,01-09-2024,TRUE,5,Everything,Fine product and value for money
B09G9BL5CP,India,27-08-2024,TRUE,5,♥️🔥,
B09G9BL5CP,India,26-08-2024,TRUE,5,Camera quality are osam,Best phone
B09G9BL5CP,India,01-08-2024,TRUE,4,Video quality good 👍,
B09G9BL5CP,India,25-06-2024,TRUE,4,Dream mobile,"Apple iPhone is my dream mobile. I am loving this till now, the only concern I'm feeling is, since it is a bit older version the OS updates may be less in the future."
B09G9BL5CP,India,20-08-2024,TRUE,5,Top notch,"If you thinking to buy iphone 13, wait till great indian sale and bbd sale...you will get best discount on it...and in 2024 buy iphone 14...but if your budget id tight buy iphone 13."
B09G9BL5CP,India,16-08-2024,TRUE,5,If you love to capture moments then this phone always satisfy you with it’s fabulous camera quality.,Amazing camera 🙌🏻
B09G9BL5CP,India,13-08-2024,TRUE,5,Wonderful,Satisfied
B09G9BL5CP,India,05-01-2024,TRUE,4,Amazing Phone 🤍,"Design:The iPhone 13 retains the iconic design of its predecessors, but with some subtle refinements. The overall construction is sleek and elegant, featuring a durable aerospace-grade aluminum frame and ceramic shield front cover for improved durability. The device is available in a range of attractive colors, catering to different aesthetic preferences.Display:One of the most significant upgrades is the stunning Super Retina XDR display, which offers vivid colors, deep blacks, and outstanding brightness. The improved refresh rate provides smoother scrolling and more responsive touch interactions, making it a delight to use for various tasks, from browsing the web to watching videos and playing games.Performance:Powered by the latest A15 Bionic chip, the iPhone 13 delivers exceptional performance across the board. The processing power ensures seamless multitasking, swift app launches, and impressive gaming capabilities. The neural engine's advancements further enhance machine learning tasks, contributing to better efficiency and smarter features.Camera:The iPhone 13's camera system is a standout feature, significantly raising the bar for mobile photography and videography. The dual-camera setup, comprising wide and ultra-wide lenses, captures stunning images with sharp detail, accurate colors, and improved low-light performance. The addition of Cinematic mode for video recording introduces a new level of creativity, allowing users to achieve professional-looking focus transitions and selective focus effects.Battery Life:The iPhone 13 boasts impressive battery life, keeping pace with the demands of modern usage. Whether you're streaming content, navigating with GPS, or engaging in video calls, the device offers extended endurance, reducing the need for frequent recharging. This improvement is a game-changer for users who rely on their smartphones throughout the day.Connectivity:With support for 5G networks, the iPhone 13 ensures faster download and upload speeds, enabling seamless streaming, swift downloads, and lag-free online experiences. The expanded 5G coverage allows users to stay connected in more locations, tapping into the potential of next-generation connectivity."
B09G9BL5CP,India,06-08-2024,TRUE,5,Nice,
B09G9BL5CP,India,06-11-2022,TRUE,5,Iphone 13,"Outstanding Mobile♥️, Face Id Very Fast Even in night mode, Battery backup almost 1 day, Camera is superb, If your budget is around 60-70k, Go for it👍🏻"
B09G9BL5CP,India,16-09-2022,TRUE,4,Good review,Apple cheap company does not give a charger in the box.
B09G9BL5CP,India,12-08-2022,TRUE,4,1x camera having pink spot in photos.,Disappointed due to defect in camera.
B09G9BL5CP,India,21-12-2022,TRUE,5,Genuine,"I am happy with this purchase. I purchased it at a good price, and it has excellent features. Love it."
B09G9BL5CP,India,08-11-2022,TRUE,5,Value for Money,Have switched to iPhone from android. The display and UI/UX is just uncomparable. Loving every part of it.
B09G9BL5CP,India,22-09-2022,TRUE,5,Nice product :),"Nice product.But, delivery was late. I didn't get any updates for late delivery reason. I had to follow up with Amazon chat support."
B09G9BL5CP,India,24-01-2022,TRUE,4,A normal iPhone.,"Excessive heating while setup, backup n restore"
B09G9BL5CP,India,22-05-2022,TRUE,4,Good product. My first iphone ....No fingerprint..,
B09G9BL5CP,India,09-03-2023,TRUE,5,No heat no hang,WOW
B09G9BL5CP,India,30-01-2023,TRUE,5,Awesome,Excellent product
B09G9BL5CP,India,09-05-2024,TRUE,5,iPhone 13,"Best value for money amongst 13, 14 and 15"
B09G9BL5CP,India,09-04-2024,TRUE,5,Fantastic Upgrade,"I recently upgraded to the iPhone 13, and I couldn't be happier! The sleek design, stunning display, and lightning-fast performance make it a standout device. The camera quality is exceptional, capturing every moment with clarity and precision."
B09G9BL5CP,India,20-05-2024,TRUE,5,Good,Nice
B09G9BL5CP,India,17-10-2023,TRUE,4,Awesome price,Got this in sale for a super value price. Phone is good one can find lots of reviews on it elsewhere.One star reduced because amazon collected 1k more at the time of exchange on a flawless phone exchange with no reasons and complaint which was raised to be resolved in 72hrs is on shelf.  Be careful with exchange sometimes it can be misleading.
B09G9BL5CP,India,12-05-2024,TRUE,5,Very good iphone,very good iphone
B09G9BL5CP,India,14-05-2024,TRUE,5,Perfect,Genuine Seller.
B09G9BL5CP,India,15-04-2024,TRUE,5,Excellent,On time delivery and smooth process
B09G9BL5CP,India,13-11-2023,TRUE,5,No Nonsense Value buy in 2023,"Its for my mom upgrading from legacy iPhone plus which itself held up very well across years.Got it during the 2023 sale and that price made it a no brainer  for value , performance and future proofing .The familiar OS will be intuitive across her phone and IPad Air just that charger is now different - phone with lightening and iPad with usb c Compared to my 14 there’s barely a difference - and will hold good for the next 3-5 years without a hitch."
B09G9BL5CP,India,07-01-2024,TRUE,4,Ok,Good
B09G9BL5CP,India,13-12-2023,TRUE,4,Good phone but some camera quality issue compare to Samsung fold 5 camera is best,Good phone but some camera quality issue compare to Samsung fold 5 camera is best
B09G9BL5CP,India,01-08-2024,TRUE,5,Amezing,Super super super
B09G9BL5CP,India,11-06-2024,TRUE,4,Nice Product,The colour(green) looks better that expected. Received safely.+ NotSealPack
B09G9BL5CP,India,16-07-2024,TRUE,5,Good,Good to use
B09G9BL5CP,India,22-06-2024,TRUE,5,Mast hai...,Mai Samsung s21 ke phone se iphone 13 m aaya hun ... to mera iphone ka experience aisa hai ki lagta hai 5 saal pichhe aa gya hun.... fingerprint nahi hai ... use karne m problem hoti hai.... Android best hai.... camera theek hai lekin s21 ka jyada achha tha .. s21 ka portrait photo mast hai aata tha...Agar mai apne s21 se compare karu to iphone ki charging slow hai .... display kamjor hai ... brightness down hai ... battery life low hai... screen ki htZ bhi slow hai ...Achha hai to only processor..... aur wo kta huwa apple 🍎
B09G9BL5CP,India,05-05-2024,TRUE,4,My favorite 😍💕,Nice phone delivered
B09G9BL5CP,India,22-07-2024,TRUE,3,Good phone,Good phone in budget
B09G9BL5CP,India,20-05-2024,TRUE,4,Best👍,"Go for it,👍"
B09G9BL5CP,India,29-10-2023,TRUE,4,Excellent Camera,"First thing first, checked if the product was original or not. For that, check the following1. If the screen has “True Tone” option.2. Check the Serial Number for “M” letter, indicates its new unit.3. Check if IMEI number of the product is same as mentioned on the box.4. Battery Health should be 100%.Pros:1. Camera is one of the best I have used so far.2. Haptic feedback is very great. I noticed it instantly.3. Battery optimisation is very good. It’s been more than a month and I have never charged it more than 85%. Still I get a days battery easily.4. OS. I have used Android before this. And change in OS was good change as well.Cons:Charge speed is slow. I only charge it when the battery % is around 20%. And it takes 1 to 1.5 hr to charge.Comments:I don’t play any games or do any heavy usage tasks on phone. It’s just daily tasks like social media, YouTube, etc."
B09G9BL5CP,India,12-03-2024,TRUE,4,Nice Handset,Camera quality is just awesome 😎Battery life is also niceOnly problem you will face if you switch from Android is refresh rateAnd don't know but apple keyboard isn't made for chatting or typing in lo al language.
B09G9BL5CP,India,03-01-2024,TRUE,5,Impressive Performance and Stunning Camera Quality,"I’ve been using the iPhone 13 for the past 3-4 months, and I am thoroughly impressed with its overall performance. The A15 Bionic chip ensures smooth and lag-free operation, making multitasking a breeze.The camera quality is a standout feature, capturing vivid and detailed photos in various lighting conditions. The Night mode improvements are noticeable, delivering clear and sharp images even in low-light environments. The Cinematic mode for videos adds a professional touch, creating engaging and dynamic content.The battery life has been reliable, easily lasting a full day with moderate usage. The 120Hz ProMotion display contributes to a silky-smooth experience, enhancing gaming and video playback.The design is sleek and feels premium, while the Ceramic Shield front provides added durability. The introduction of 5G connectivity ensures fast data speeds, enhancing the overall user experience.While the absence of a charger and earphones might be a drawback for some, the iPhone 13’s performance, camera capabilities, and design make it a worthwhile upgrade. Highly recommended for those seeking a top-tier smartphone experience."
B09G9BL5CP,India,27-07-2024,TRUE,5,Fantastic phone go for it,If under 45k go for it  never get regret
B09G9BL5CP,India,07-06-2024,TRUE,4,Very nice,It’s a awesome 😍
B09G9BL5CP,India,19-07-2024,TRUE,5,Review,Does it really need review?
B09G9BL5CP,India,12-07-2024,TRUE,5,Go for it,Nice product in this price range....Go for it
B09G9BL5CP,India,20-07-2024,TRUE,5,Quality,Value of money product.brightness display battery all over good
B09G9BL5CP,India,04-08-2024,TRUE,5,Worth every penny,"Excellent Processor, Crisp display, stunning camera"
B09G9BL5CP,India,06-06-2024,TRUE,4,Good,Good but battery problem display is good charger is good sound good performance is good but battery issues
B09G9BL5CP,India,09-08-2024,TRUE,5,Sparky,Trend setter ❤️‍🔥
B09G9BL5CP,India,25-08-2024,TRUE,3,Kindly update my bill,NYC
B09G9BL5CP,India,14-07-2024,TRUE,4,The rear camera is the best thing about this iphone 13,
B09G9BL5CP,India,01-11-2023,TRUE,5,The most loved is the  honesty. And is good condition  thank you Amazon 😊,Quality wise 👌 👏 👍 thank you Amazon 😊 🙏🏻
B09G9BL5CP,India,06-09-2022,TRUE,5,G.O.A.T ( Greatest Of All Time ) 🔥♥️,Damnn 😍 first time iphone user and trust me my experience with this one is god damnn unbelievable. 😩🔥♥️ it Looks great. Audio Quality is good and the Camera Quality ison another level 😍♥️ all over i loved it so much... ♥️😌
B09G9BL5CP,India,21-07-2024,TRUE,1,My product is worst,Bad item
B09G9BL5CP,India,03-02-2022,TRUE,5,"Thanks Amazon for a Prompt delivery of my Genuine iPhone 13, 256 GB Starlight",Thanks a lot Amazon for the early delivery. Thanks to Appario also. Received a genuine iPhone 13 256 GB and it was verified by Apple remote diagnostics. The phone is really awesome.. Camera is more than my expectation and music is unbelievable. Battery is easily giving me 1.5 days of backup.. Amazing experience. Loving it....
B09G9BL5CP,India,28-01-2023,TRUE,4,Battery life,Camera is goodLooking elegantBattery is hopeless
B09G9BL5CP,India,25-03-2022,TRUE,5,Beautiful Design,"The iPhone 13’s brighter display, longer battery life and powerful cameras make it the best iPhone for the money. But we wish it had faster charging and the iPhone 13 Pro.Pros+Brighter display+Great cameras+Compelling Cinematic video mode+Class-leading performance+Very good battery life"
B09G9BL5CP,India,26-03-2022,TRUE,5,Top Notch high quality feel delivered,"Amazing phone , Amazing Battery life , Stunning camera , and the videos are like wooooow , every one is sure to ask you which device did you use to upload these premium quality videos . Battery is rocking gives more than a day backup"
B09G9BL5CP,India,21-10-2022,TRUE,5,Expensive But worth it,Delivery is pretty quick got in one day .Camera quality is very good and phone is supersmooth just like a butter and this is 256 Gb variant .Thanks amazon and Appario for selling original product in well discounted price.
,,,,,,
,,,,,,
,,,,,,
,,,,,,
,,,,,,
,,,,,,
,,,,,,
,,,,,,
,,,,,,
,,,,,,
,,,,,,
,,,,,,
,,,,,,
,,,,,,
,,,,,,
,,,,,,
,,,,,,
,,,,,,
,,,,,,
,,,,,,
,,,,,,
,,,,,,
,,,,,,
,,,,,,
,,,,,,
,,,,,,
,,,,,,
,,,,,,
,,,,,,
,,,,,,
,,,,,,
,,,,,,
,,,,,,
,,,,,,
,,,,,,
,,,,,,
,,,,,,
,,,,,,
,,,,,,
,,,,,,
,,,,,,
,,,,,,
,,,,,,
,,,,,,
,,,,,,
,,,,,,
,,,,,,
,,,,,,
,,,,,,
,,,,,,
,,,,,,
,,,,,,
,,,,,,
,,,,,,
,,,,,,
,,,,,,
,,,,,,
,,,,,,
,,,,,,
,,,,,,
,,,,,,
,,,,,,
,,,,,,
,,,,,,
,,,,,,
,,,,,,
,,,,,,
,,,,,,
,,,,,,
,,,,,,
,,,,,,
,,,,,,
,,,,,,
,,,,,,
,,,,,,
,,,,,,
,,,,,,
,,,,,,
,,,,,,
,,,,,,
,,,,,,
,,,,,,
,,,,,,
,,,,,,
,,,,,,
,,,,,,
,,,,,,
,,,,,,
,,,,,,
,,,,,,
,,,,,,
,,,,,,
,,,,,,
,,,,,,
,,,,,,
,,,,,,
,,,,,,
,,,,,,
,,,,,,
,,,,,,
,,,,,,
,,,,,,
,,,,,,
,,,,,,
,,,,,,
,,,,,,
,,,,,,
,,,,,,
,,,,,,
,,,,,,
,,,,,,
,,,,,,
,,,,,,
,,,,,,
,,,,,,
,,,,,,
,,,,,,
,,,,,,
,,,,,,
,,,,,,
,,,,,,
,,,,,,
,,,,,,
,,,,,,
,,,,,,
,,,,,,
,,,,,,
,,,,,,
,,,,,,
,,,,,,
,,,,,,
,,,,,,
,,,,,,
,,,,,,
,,,,,,
,,,,,,
,,,,,,
,,,,,,
,,,,,,
,,,,,,
,,,,,,
,,,,,,
,,,,,,
,,,,,,
,,,,,,
,,,,,,
,,,,,,
,,,,,,
,,,,,,
,,,,,,
,,,,,,
,,,,,,
,,,,,,
,,,,,,
,,,,,,
,,,,,,
,,,,,,
,,,,,,
,,,,,,
,,,,,,
,,,,,,
,,,,,,
,,,,,,
,,,,,,
,,,,,,
,,,,,,
,,,,,,
,,,,,,
,,,,,,
,,,,,,
,,,,,,
,,,,,,
,,,,,,
,,,,,,
,,,,,,
,,,,,,
,,,,,,
,,,,,,
,,,,,,
,,,,,,
,,,,,,
,,,,,,
,,,,,,
,,,,,,
,,,,,,
,,,,,,
,,,,,,
,,,,,,
,,,,,,
,,,,,,
,,,,,,
,,,,,,
,,,,,,
,,,,,,
,,,,,,
,,,,,,
,,,,,,
,,,,,,
,,,,,,
,,,,,,
,,,,,,
,,,,,,
,,,,,,
,,,,,,
,,,,,,
,,,,,,
,,,,,,
,,,,,,
,,,,,,
,,,,,,
,,,,,,
,,,,,,
,,,,,,
,,,,,,
,,,,,,
,,,,,,
,,,,,,
,,,,,,
,,,,,,
,,,,,,
,,,,,,
,,,,,,
,,,,,,
,,,,,,
,,,,,,
,,,,,,
,,,,,,
,,,,,,
,,,,,,
,,,,,,
,,,,,,
,,,,,,
,,,,,,
,,,,,,
,,,,,,
,,,,,,
,,,,,,
,,,,,,
,,,,,,
,,,,,,
,,,,,,
,,,,,,
,,,,,,
,,,,,,
,,,,,,
,,,,,,
,,,,,,
,,,,,,
,,,,,,
,,,,,,
,,,,,,
,,,,,,
,,,,,,
,,,,,,
,,,,,,
,,,,,,
,,,,,,
,,,,,,
,,,,,,
,,,,,,
,,,,,,
,,,,,,
,,,,,,
,,,,,,
,,,,,,
,,,,,,
,,,,,,
,,,,,,
,,,,,,
,,,,,,
,,,,,,
,,,,,,
,,,,,,
,,,,,,
,,,,,,
,,,,,,
,,,,,,
,,,,,,
,,,,,,
,,,,,,
,,,,,,
,,,,,,
,,,,,,
,,,,,,
,,,,,,
,,,,,,
,,,,,,
,,,,,,
,,,,,,
,,,,,,
,,,,,,
,,,,,,
,,,,,,
,,,,,,
,,,,,,
,,,,,,
,,,,,,
,,,,,,
,,,,,,
,,,,,,
,,,,,,
,,,,,,
,,,,,,
,,,,,,
,,,,,,
,,,,,,
,,,,,,
,,,,,,
,,,,,,
,,,,,,
,,,,,,
,,,,,,
,,,,,,
,,,,,,
,,,,,,
,,,,,,
,,,,,,
,,,,,,
,,,,,,
,,,,,,
,,,,,,
,,,,,,
,,,,,,
,,,,,,
,,,,,,
,,,,,,
,,,,,,
,,,,,,
,,,,,,
,,,,,,
,,,,,,
,,,,,,
,,,,,,
,,,,,,
,,,,,,
,,,,,,
,,,,,,
,,,,,,
,,,,,,
,,,,,,
,,,,,,
,,,,,,
,,,,,,
,,,,,,
,,,,,,
,,,,,,
,,,,,,
,,,,,,
,,,,,,
,,,,,,
,,,,,,
,,,,,,
,,,,,,
,,,,,,
,,,,,,
,,,,,,
,,,,,,
,,,,,,
,,,,,,
,,,,,,
,,,,,,
,,,,,,
,,,,,,
,,,,,,
,,,,,,
,,,,,,
,,,,,,
,,,,,,
,,,,,,
,,,,,,
,,,,,,
,,,,,,
,,,,,,
,,,,,,
,,,,,,
,,,,,,
,,,,,,
,,,,,,
,,,,,,
,,,,,,
,,,,,,
,,,,,,
,,,,,,
,,,,,,
,,,,,,
,,,,,,
,,,,,,
,,,,,,
,,,,,,
,,,,,,
,,,,,,
,,,,,,
,,,,,,
,,,,,,
,,,,,,
,,,,,,
,,,,,,
,,,,,,
,,,,,,
,,,,,,
,,,,,,
,,,,,,
,,,,,,
,,,,,,
,,,,,,
,,,,,,
,,,,,,
,,,,,,
,,,,,,
,,,,,,
,,,,,,
,,,,,,
,,,,,,
,,,,,,
,,,,,,
,,,,,,
,,,,,,
,,,,,,
,,,,,,
,,,,,,
,,,,,,
,,,,,,
,,,,,,
,,,,,,
,,,,,,
,,,,,,
,,,,,,
,,,,,,
,,,,,,
,,,,,,
,,,,,,
,,,,,,
,,,,,,
,,,,,,
,,,,,,
,,,,,,
,,,,,,
,,,,,,
,,,,,,
,,,,,,
,,,,,,
,,,,,,
,,,,,,
,,,,,,
,,,,,,
,,,,,,
,,,,,,
,,,,,,
,,,,,,
,,,,,,
,,,,,,
,,,,,,
,,,,,,
,,,,,,
,,,,,,
,,,,,,
,,,,,,
,,,,,,
,,,,,,
,,,,,,
,,,,,,
,,,,,,
,,,,,,
,,,,,,
,,,,,,
,,,,,,
,,,,,,
,,,,,,
,,,,,,
,,,,,,
,,,,,,
,,,,,,
,,,,,,
,,,,,,
,,,,,,
,,,,,,
,,,,,,
,,,,,,
,,,,,,
,,,,,,
,,,,,,
,,,,,,
,,,,,,
,,,,,,
,,,,,,
,,,,,,
,,,,,,
,,,,,,
,,,,,,
,,,,,,
,,,,,,
,,,,,,
,,,,,,
,,,,,,
,,,,,,
,,,,,,
,,,,,,
,,,,,,
,,,,,,
,,,,,,
,,,,,,
,,,,,,
,,,,,,
,,,,,,
,,,,,,
,,,,,,
,,,,,,
,,,,,,
,,,,,,
,,,,,,
,,,,,,
,,,,,,
,,,,,,
,,,,,,
,,,,,,
,,,,,,
,,,,,,
,,,,,,
,,,,,,
,,,,,,
,,,,,,
,,,,,,
,,,,,,
,,,,,,
,,,,,,
,,,,,,
,,,,,,
,,,,,,
,,,,,,
,,,,,,
,,,,,,
,,,,,,
,,,,,,
,,,,,,
,,,,,,
,,,,,,
,,,,,,
,,,,,,
,,,,,,
,,,,,,
,,,,,,
,,,,,,
,,,,,,
,,,,,,
,,,,,,
,,,,,,
,,,,,,
,,,,,,
,,,,,,
,,,,,,
,,,,,,
,,,,,,
,,,,,,
,,,,,,
,,,,,,
,,,,,,
,,,,,,
,,,,,,
,,,,,,
,,,,,,
,,,,,,
,,,,,,
,,,,,,
,,,,,,
,,,,,,
,,,,,,
,,,,,,
,,,,,,
,,,,,,
,,,,,,
,,,,,,
,,,,,,
,,,,,,
,,,,,,
,,,,,,
,,,,,,
,,,,,,
,,,,,,
,,,,,,
,,,,,,
,,,,,,
,,,,,,
,,,,,,
,,,,,,
,,,,,,
,,,,,,
,,,,,,
,,,,,,
,,,,,,
,,,,,,
,,,,,,
,,,,,,
,,,,,,
,,,,,,
,,,,,,
,,,,,,
,,,,,,
,,,,,,
,,,,,,
,,,,,,
,,,,,,
,,,,,,
,,,,,,
,,,,,,
,,,,,,
,,,,,,
,,,,,,
,,,,,,
,,,,,,
,,,,,,
,,,,,,
,,,,,,
,,,,,,
,,,,,,
,,,,,,
,,,,,,
,,,,,,
,,,,,,
,,,,,,
,,,,,,
,,,,,,
,,,,,,
,,,,,,
,,,,,,
,,,,,,
,,,,,,
,,,,,,
,,,,,,
,,,,,,
,,,,,,
,,,,,,
,,,,,,
,,,,,,
,,,,,,
,,,,,,
,,,,,,
,,,,,,
,,,,,,
,,,,,,
,,,,,,
,,,,,,
,,,,,,
,,,,,,
,,,,,,
,,,,,,
,,,,,,
,,,,,,
,,,,,,
,,,,,,
,,,,,,
,,,,,,
,,,,,,
,,,,,,
,,,,,,
,,,,,,
,,,,,,
,,,,,,
,,,,,,
,,,,,,
,,,,,,
,,,,,,
,,,,,,
,,,,,,
,,,,,,
,,,,,,
,,,,,,
,,,,,,
,,,,,,
,,,,,,
,,,,,,
,,,,,,
,,,,,,
,,,,,,
,,,,,,
,,,,,,
,,,,,,
,,,,,,
,,,,,,
,,,,,,
,,,,,,
,,,,,,
,,,,,,
,,,,,,
,,,,,,
,,,,,,
,,,,,,
,,,,,,
,,,,,,
,,,,,,
,,,,,,
,,,,,,
,,,,,,
,,,,,,
,,,,,,
,,,,,,
,,,,,,
,,,,,,
,,,,,,
,,,,,,
,,,,,,
,,,,,,
,,,,,,
,,,,,,
,,,,,,
,,,,,,
,,,,,,
,,,,,,
,,,,,,
,,,,,,
,,,,,,
,,,,,,
,,,,,,
,,,,,,
,,,,,,
,,,,,,
,,,,,,
,,,,,,
,,,,,,
,,,,,,
,,,,,,
,,,,,,
,,,,,,
,,,,,,
,,,,,,
,,,,,,
,,,,,,
,,,,,,
,,,,,,
,,,,,,
,,,,,,
,,,,,,
,,,,,,
,,,,,,
,,,,,,
,,,,,,
,,,,,,
,,,,,,
,,,,,,
,,,,,,
,,,,,,
,,,,,,
,,,,,,
,,,,,,
,,,,,,
,,,,,,
,,,,,,
,,,,,,
,,,,,,
,,,,,,
,,,,,,
,,,,,,
,,,,,,
,,,,,,
,,,,,,
,,,,,,
,,,,,,
,,,,,,
,,,,,,
,,,,,,
,,,,,,
,,,,,,
,,,,,,
,,,,,,
,,,,,,
,,,,,,
,,,,,,
,,,,,,
,,,,,,
,,,,,,
,,,,,,
,,,,,,
,,,,,,
,,,,,,
,,,,,,
,,,,,,
,,,,,,
,,,,,,
,,,,,,
,,,,,,
,,,,,,
,,,,,,
,,,,,,
,,,,,,
,,,,,,
,,,,,,
,,,,,,
,,,,,,
,,,,,,
,,,,,,
,,,,,,
,,,,,,
,,,,,,
,,,,,,
,,,,,,
,,,,,,
,,,,,,
,,,,,,
,,,,,,
,,,,,,
,,,,,,
,,,,,,
,,,,,,
,,,,,,
,,,,,,
,,,,,,
,,,,,,
,,,,,,
,,,,,,
,,,,,,
,,,,,,
,,,,,,
,,,,,,
,,,,,,
,,,,,,
,,,,,,
,,,,,,
,,,,,,
,,,,,,
,,,,,,
,,,,,,
,,,,,,
,,,,,,
,,,,,,
,,,,,,
,,,,,,
,,,,,,
,,,,,,
,,,,,,
,,,,,,
,,,,,,
,,,,,,
,,,,,,
,,,,,,
,,,,,,
,,,,,,
,,,,,,
,,,,,,
,,,,,,
,,,,,,
,,,,,,
,,,,,,
,,,,,,
,,,,,,
,,,,,,
,,,,,,
,,,,,,
,,,,,,
,,,,,,
,,,,,,
,,,,,,
,,,,,,
,,,,,,
,,,,,,
,,,,,,
,,,,,,
,,,,,,
,,,,,,
,,,,,,
,,,,,,
,,,,,,
,,,,,,
,,,,,,
,,,,,,
,,,,,,
,,,,,,
,,,,,,
,,,,,,
,,,,,,
,,,,,,
,,,,,,
,,,,,,
,,,,,,
,,,,,,
,,,,,,
,,,,,,
,,,,,,
,,,,,,
,,,,,,
,,,,,,
,,,,,,
,,,,,,
,,,,,,
,,,,,,
,,,,,,
,,,,,,
,,,,,,
,,,,,,
,,,,,,
,,,,,,
,,,,,,
,,,,,,
,,,,,,
,,,,,,
,,,,,,
,,,,,,
,,,,,,
,,,,,,
,,,,,,
,,,,,,
,,,,,,
,,,,,,
,,,,,,
,,,,,,
,,,,,,
,,,,,,
,,,,,,
,,,,,,
,,,,,,
,,,,,,
,,,,,,
,,,,,,
,,,,,,
,,,,,,
,,,,,,
,,,,,,
,,,,,,
,,,,,,
,,,,,,
,,,,,,
,,,,,,
,,,,,,
,,,,,,
,,,,,,
,,,,,,
,,,,,,
,,,,,,
,,,,,,
,,,,,,
,,,,,,
,,,,,,
,,,,,,
,,,,,,
,,,,,,
,,,,,,
,,,,,,
,,,,,,
,,,,,,
,,,,,,
,,,,,,
,,,,,,
,,,,,,
,,,,,,
,,,,,,
,,,,,,
,,,,,,
,,,,,,
,,,,,,
,,,,,,
,,,,,,
,,,,,,
,,,,,,
,,,,,,
,,,,,,
,,,,,,
,,,,,,
,,,,,,
,,,,,,
,,,,,,
,,,,,,
,,,,,,
,,,,,,
,,,,,,
,,,,,,
,,,,,,
,,,,,,
,,,,,,
,,,,,,
,,,,,,
,,,,,,
,,,,,,
,,,,,,
,,,,,,
,,,,,,
,,,,,,
,,,,,,
,,,,,,
,,,,,,
,,,,,,
,,,,,,
,,,,,,
,,,,,,
,,,,,,
,,,,,,
,,,,,,
,,,,,,
,,,,,,
,,,,,,
,,,,,,
,,,,,,
,,,,,,
,,,,,,
,,,,,,
,,,,,,
,,,,,,
,,,,,,
,,,,,,
,,,,,,
,,,,,,
,,,,,,
,,,,,,
,,,,,,
,,,,,,
,,,,,,
,,,,,,
,,,,,,
,,,,,,
,,,,,,
,,,,,,
,,,,,,
,,,,,,
,,,,,,
,,,,,,
,,,,,,
,,,,,,
,,,,,,
,,,,,,
,,,,,,
,,,,,,
,,,,,,
,,,,,,
,,,,,,
,,,,,,
,,,,,,
,,,,,,
,,,,,,
,,,,,,
,,,,,,
,,,,,,
,,,,,,
,,,,,,
,,,,,,
,,,,,,
,,,,,,
,,,,,,
,,,,,,
,,,,,,
,,,,,,
,,,,,,
,,,,,,
,,,,,,
,,,,,,
,,,,,,
,,,,,,
,,,,,,
,,,,,,
,,,,,,
,,,,,,
,,,,,,
,,,,,,
,,,,,,
,,,,,,
,,,,,,
,,,,,,
,,,,,,
,,,,,,
,,,,,,
,,,,,,
,,,,,,
,,,,,,
,,,,,,
,,,,,,
,,,,,,
,,,,,,
,,,,,,
,,,,,,
,,,,,,
,,,,,,
,,,,,,
,,,,,,
,,,,,,
,,,,,,
,,,,,,
,,,,,,
,,,,,,
,,,,,,
,,,,,,
,,,,,,
,,,,,,
,,,,,,
,,,,,,
,,,,,,
,,,,,,
,,,,,,
,,,,,,
,,,,,,
,,,,,,
,,,,,,
,,,,,,
,,,,,,
,,,,,,
,,,,,,
,,,,,,
,,,,,,
,,,,,,
,,,,,,
,,,,,,
,,,,,,
,,,,,,
,,,,,,
,,,,,,
,,,,,,
,,,,,,
,,,,,,
,,,,,,
,,,,,,
,,,,,,
,,,,,,
,,,,,,
,,,,,,
,,,,,,
,,,,,,
,,,,,,
,,,,,,
,,,,,,
,,,,,,
,,,,,,
,,,,,,
,,,,,,
,,,,,,
,,,,,,
,,,,,,
,,,,,,
,,,,,,
,,,,,,
,,,,,,
,,,,,,
,,,,,,
,,,,,,
,,,,,,
,,,,,,
,,,,,,
,,,,,,
,,,,,,
,,,,,,
,,,,,,
,,,,,,
,,,,,,
,,,,,,
,,,,,,
,,,,,,
,,,,,,
,,,,,,
,,,,,,
,,,,,,
,,,,,,
,,,,,,
,,,,,,
,,,,,,
,,,,,,
,,,,,,
,,,,,,
,,,,,,
,,,,,,
,,,,,,
,,,,,,
,,,,,,
,,,,,,
,,,,,,
,,,,,,
,,,,,,
,,,,,,
,,,,,,
,,,,,,
,,,,,,
,,,,,,
,,,,,,
,,,,,,
,,,,,,
,,,,,,
,,,,,,
,,,,,,
,,,,,,
,,,,,,
,,,,,,
,,,,,,
,,,,,,
,,,,,,
,,,,,,
,,,,,,
,,,,,,
,,,,,,
,,,,,,
,,,,,,
,,,,,,
,,,,,,
,,,,,,
,,,,,,
,,,,,,
,,,,,,
,,,,,,
,,,,,,
,,,,,,
,,,,,,
,,,,,,
,,,,,,
,,,,,,
,,,,,,
,,,,,,
,,,,,,
,,,,,,
,,,,,,
,,,,,,
,,,,,,
,,,,,,
,,,,,,
,,,,,,
,,,,,,
,,,,,,
,,,,,,
,,,,,,
,,,,,,
,,,,,,
,,,,,,
,,,,,,
,,,,,,
,,,,,,
,,,,,,
,,,,,,
,,,,,,
,,,,,,
,,,,,,
,,,,,,
,,,,,,
,,,,,,
,,,,,,
,,,,,,
,,,,,,
,,,,,,
,,,,,,
,,,,,,
,,,,,,
,,,,,,
,,,,,,
,,,,,,
,,,,,,
,,,,,,
,,,,,,
,,,,,,
,,,,,,
,,,,,,
,,,,,,
,,,,,,
,,,,,,
,,,,,,
,,,,,,
,,,,,,
,,,,,,
,,,,,,
,,,,,,
,,,,,,
,,,,,,
,,,,,,
,,,,,,
,,,,,,
,,,,,,
,,,,,,
,,,,,,
,,,,,,
,,,,,,
,,,,,,
,,,,,,
,,,,,,
,,,,,,
,,,,,,
,,,,,,
,,,,,,
,,,,,,
,,,,,,
,,,,,,
,,,,,,
,,,,,,
,,,,,,
,,,,,,
,,,,,,
,,,,,,
,,,,,,
,,,,,,
,,,,,,
,,,,,,
,,,,,,
,,,,,,
,,,,,,
,,,,,,
,,,,,,
,,,,,,
,,,,,,
,,,,,,
,,,,,,
,,,,,,
,,,,,,
,,,,,,
,,,,,,
,,,,,,
,,,,,,
,,,,,,
,,,,,,
,,,,,,
,,,,,,
,,,,,,
,,,,,,
,,,,,,
,,,,,,
,,,,,,
,,,,,,
,,,,,,
,,,,,,
,,,,,,
,,,,,,
,,,,,,
,,,,,,
,,,,,,
,,,,,,
,,,,,,
,,,,,,
,,,,,,
,,,,,,
,,,,,,
,,,,,,
,,,,,,
,,,,,,
,,,,,,
,,,,,,
,,,,,,
,,,,,,
,,,,,,
,,,,,,
,,,,,,
,,,,,,
,,,,,,
,,,,,,
,,,,,,
,,,,,,
,,,,,,
,,,,,,
,,,,,,
,,,,,,
,,,,,,
,,,,,,
,,,,,,
,,,,,,
,,,,,,
,,,,,,
,,,,,,
,,,,,,
,,,,,,
,,,,,,
,,,,,,
,,,,,,
,,,,,,
,,,,,,
,,,,,,
,,,,,,
,,,,,,
,,,,,,
,,,,,,
,,,,,,
,,,,,,
,,,,,,
,,,,,,
,,,,,,
,,,,,,
,,,,,,
,,,,,,
,,,,,,
,,,,,,
,,,,,,
,,,,,,
,,,,,,
,,,,,,
,,,,,,
,,,,,,
,,,,,,
,,,,,,
,,,,,,
,,,,,,
,,,,,,
,,,,,,
,,,,,,
,,,,,,
,,,,,,
,,,,,,
,,,,,,
,,,,,,
,,,,,,
,,,,,,
,,,,,,
,,,,,,
,,,,,,
,,,,,,
,,,,,,
,,,,,,
,,,,,,
,,,,,,
,,,,,,
,,,,,,
,,,,,,
,,,,,,
,,,,,,
,,,,,,
,,,,,,
,,,,,,
,,,,,,
,,,,,,
,,,,,,
,,,,,,
,,,,,,
,,,,,,
,,,,,,
,,,,,,
,,,,,,
,,,,,,
,,,,,,
,,,,,,
,,,,,,
,,,,,,
,,,,,,
,,,,,,
,,,,,,
,,,,,,
,,,,,,
,,,,,,
,,,,,,
,,,,,,
,,,,,,
,,,,,,
,,,,,,
,,,,,,
,,,,,,
,,,,,,
,,,,,,
,,,,,,
,,,,,,
,,,,,,
,,,,,,
,,,,,,
,,,,,,
,,,,,,
,,,,,,
,,,,,,
,,,,,,
,,,,,,
,,,,,,
,,,,,,
,,,,,,
,,,,,,
,,,,,,
,,,,,,
,,,,,,
,,,,,,
,,,,,,
,,,,,,
,,,,,,
,,,,,,
,,,,,,
,,,,,,
,,,,,,
,,,,,,
,,,,,,
,,,,,,
,,,,,,
,,,,,,
,,,,,,
,,,,,,
,,,,,,
,,,,,,
,,,,,,
,,,,,,
,,,,,,
,,,,,,
,,,,,,
,,,,,,
,,,,,,
,,,,,,
,,,,,,
,,,,,,
,,,,,,
,,,,,,
,,,,,,
,,,,,,
,,,,,,
,,,,,,
,,,,,,
,,,,,,
,,,,,,
,,,,,,
,,,,,,
,,,,,,
,,,,,,
,,,,,,
,,,,,,
,,,,,,
,,,,,,
,,,,,,
,,,,,,
,,,,,,
,,,,,,
,,,,,,
,,,,,,
,,,,,,
,,,,,,
,,,,,,
,,,,,,
,,,,,,
,,,,,,
,,,,,,
,,,,,,
,,,,,,
,,,,,,
,,,,,,
,,,,,,
,,,,,,
,,,,,,
,,,,,,
,,,,,,
,,,,,,
,,,,,,
,,,,,,
,,,,,,
,,,,,,
,,,,,,
,,,,,,
,,,,,,
,,,,,,
,,,,,,
,,,,,,
,,,,,,
,,,,,,
,,,,,,
,,,,,,
,,,,,,
,,,,,,
,,,,,,
,,,,,,
,,,,,,
,,,,,,
,,,,,,
,,,,,,
,,,,,,
,,,,,,
,,,,,,
,,,,,,
,,,,,,
,,,,,,
,,,,,,
,,,,,,
,,,,,,
,,,,,,
,,,,,,
,,,,,,
,,,,,,
,,,,,,
,,,,,,
,,,,,,
,,,,,,
,,,,,,
,,,,,,
,,,,,,
,,,,,,
,,,,,,
,,,,,,
,,,,,,
,,,,,,
,,,,,,
,,,,,,
,,,,,,
,,,,,,
,,,,,,
,,,,,,
,,,,,,
,,,,,,
,,,,,,
,,,,,,
,,,,,,
,,,,,,
,,,,,,
,,,,,,
,,,,,,
,,,,,,
,,,,,,
,,,,,,
,,,,,,
,,,,,,
,,,,,,
,,,,,,
,,,,,,
,,,,,,
,,,,,,
,,,,,,
,,,,,,
,,,,,,
,,,,,,
,,,,,,
,,,,,,
,,,,,,
,,,,,,
,,,,,,
,,,,,,
,,,,,,
,,,,,,
,,,,,,
,,,,,,
,,,,,,
,,,,,,
,,,,,,
,,,,,,
,,,,,,
,,,,,,
,,,,,,
,,,,,,
,,,,,,
,,,,,,
,,,,,,
,,,,,,
,,,,,,
,,,,,,
,,,,,,
,,,,,,
,,,,,,
,,,,,,
,,,,,,
,,,,,,
,,,,,,
,,,,,,
,,,,,,
,,,,,,
,,,,,,
,,,,,,
,,,,,,
,,,,,,
,,,,,,
,,,,,,
,,,,,,
,,,,,,
,,,,,,
,,,,,,
,,,,,,
,,,,,,
,,,,,,
,,,,,,
,,,,,,
,,,,,,
,,,,,,
,,,,,,
,,,,,,
,,,,,,
,,,,,,
,,,,,,
,,,,,,
,,,,,,
,,,,,,
,,,,,,
,,,,,,
,,,,,,
,,,,,,
,,,,,,
,,,,,,
,,,,,,
,,,,,,
,,,,,,
,,,,,,
,,,,,,
,,,,,,
,,,,,,
,,,,,,
,,,,,,
,,,,,,
,,,,,,
,,,,,,
,,,,,,
,,,,,,
,,,,,,
,,,,,,
,,,,,,
,,,,,,
,,,,,,
,,,,,,
,,,,,,
,,,,,,
,,,,,,
,,,,,,
,,,,,,
,,,,,,
,,,,,,
,,,,,,
,,,,,,
,,,,,,
,,,,,,
,,,,,,
,,,,,,
,,,,,,
,,,,,,
,,,,,,
,,,,,,
,,,,,,
,,,,,,
,,,,,,
,,,,,,
,,,,,,
,,,,,,
,,,,,,
,,,,,,
,,,,,,
,,,,,,
,,,,,,
,,,,,,
,,,,,,
,,,,,,
,,,,,,
,,,,,,
,,,,,,
,,,,,,
,,,,,,
,,,,,,
,,,,,,
,,,,,,
,,,,,,
,,,,,,
,,,,,,
,,,,,,
,,,,,,
,,,,,,
,,,,,,
,,,,,,
,,,,,,
,,,,,,
,,,,,,
,,,,,,
,,,,,,
,,,,,,
,,,,,,
,,,,,,
,,,,,,
,,,,,,
,,,,,,
,,,,,,
,,,,,,
,,,,,,
,,,,,,
,,,,,,
,,,,,,
,,,,,,
,,,,,,
,,,,,,
,,,,,,
,,,,,,
,,,,,,
,,,,,,
,,,,,,
,,,,,,
,,,,,,
,,,,,,
,,,,,,
,,,,,,
,,,,,,
,,,,,,
,,,,,,
,,,,,,
,,,,,,
,,,,,,
,,,,,,
,,,,,,
,,,,,,
,,,,,,
,,,,,,
,,,,,,
,,,,,,
,,,,,,
,,,,,,
,,,,,,
,,,,,,
,,,,,,
,,,,,,
,,,,,,
,,,,,,
,,,,,,
,,,,,,
,,,,,,
,,,,,,
,,,,,,
,,,,,,
,,,,,,
,,,,,,
,,,,,,
,,,,,,
,,,,,,
,,,,,,
,,,,,,
,,,,,,
,,,,,,
,,,,,,
,,,,,,
,,,,,,
,,,,,,
,,,,,,
,,,,,,
,,,,,,
,,,,,,
,,,,,,
,,,,,,
,,,,,,
,,,,,,
,,,,,,
,,,,,,
,,,,,,
,,,,,,
,,,,,,
,,,,,,
,,,,,,
,,,,,,
,,,,,,
,,,,,,
,,,,,,
,,,,,,
,,,,,,
,,,,,,
,,,,,,
,,,,,,
,,,,,,
,,,,,,
,,,,,,
,,,,,,
,,,,,,
,,,,,,
,,,,,,
,,,,,,
,,,,,,
,,,,,,
,,,,,,
,,,,,,
,,,,,,
,,,,,,
,,,,,,
,,,,,,
,,,,,,
,,,,,,
,,,,,,
,,,,,,
,,,,,,
,,,,,,
,,,,,,
,,,,,,
,,,,,,
,,,,,,
,,,,,,
,,,,,,
,,,,,,
,,,,,,
,,,,,,
,,,,,,
,,,,,,
,,,,,,
,,,,,,
,,,,,,
,,,,,,
,,,,,,
,,,,,,
,,,,,,
,,,,,,
,,,,,,
,,,,,,
,,,,,,
,,,,,,
,,,,,,
,,,,,,
,,,,,,
,,,,,,
,,,,,,
,,,,,,
,,,,,,
,,,,,,
,,,,,,
,,,,,,
,,,,,,
,,,,,,
,,,,,,
,,,,,,
,,,,,,
,,,,,,
,,,,,,
,,,,,,
,,,,,,
,,,,,,
,,,,,,
,,,,,,
,,,,,,
,,,,,,
,,,,,,
,,,,,,
,,,,,,
,,,,,,
,,,,,,
,,,,,,
,,,,,,
,,,,,,
,,,,,,
,,,,,,
,,,,,,
,,,,,,
,,,,,,
,,,,,,
,,,,,,
,,,,,,
,,,,,,
,,,,,,
,,,,,,
,,,,,,
,,,,,,
,,,,,,
,,,,,,
,,,,,,
,,,,,,
,,,,,,
,,,,,,
,,,,,,
,,,,,,
,,,,,,
,,,,,,
,,,,,,
,,,,,,
,,,,,,
,,,,,,
,,,,,,
,,,,,,
,,,,,,
,,,,,,
,,,,,,
,,,,,,
,,,,,,
,,,,,,
,,,,,,
,,,,,,
,,,,,,
,,,,,,
,,,,,,
,,,,,,
,,,,,,
,,,,,,
,,,,,,
,,,,,,
,,,,,,
,,,,,,
,,,,,,
,,,,,,
,,,,,,
,,,,,,
,,,,,,
,,,,,,
,,,,,,
,,,,,,
,,,,,,
,,,,,,
,,,,,,
,,,,,,
,,,,,,
,,,,,,
,,,,,,
,,,,,,
,,,,,,
,,,,,,
,,,,,,
,,,,,,
,,,,,,
,,,,,,
,,,,,,
,,,,,,
,,,,,,
,,,,,,
,,,,,,
,,,,,,
,,,,,,
,,,,,,
,,,,,,
,,,,,,
,,,,,,
,,,,,,
,,,,,,
,,,,,,
,,,,,,
,,,,,,
,,,,,,
,,,,,,
,,,,,,
,,,,,,
,,,,,,
,,,,,,
,,,,,,
,,,,,,
,,,,,,
,,,,,,
,,,,,,
,,,,,,
,,,,,,
,,,,,,
,,,,,,
,,,,,,
,,,,,,
,,,,,,
,,,,,,
,,,,,,
,,,,,,
,,,,,,
,,,,,,
,,,,,,
,,,,,,
,,,,,,
,,,,,,
,,,,,,
,,,,,,
,,,,,,
,,,,,,
,,,,,,
,,,,,,
,,,,,,
,,,,,,
,,,,,,
,,,,,,
,,,,,,
,,,,,,
,,,,,,
,,,,,,
,,,,,,
,,,,,,
,,,,,,
,,,,,,
,,,,,,
,,,,,,
,,,,,,
,,,,,,
,,,,,,
,,,,,,
,,,,,,
,,,,,,
,,,,,,
,,,,,,
,,,,,,
,,,,,,
,,,,,,
,,,,,,
,,,,,,
,,,,,,
,,,,,,
,,,,,,
,,,,,,
,,,,,,
,,,,,,
,,,,,,
,,,,,,
,,,,,,
,,,,,,
,,,,,,
,,,,,,
,,,,,,
,,,,,,
,,,,,,
,,,,,,
,,,,,,
,,,,,,
,,,,,,
,,,,,,
,,,,,,
,,,,,,
,,,,,,
,,,,,,
,,,,,,
,,,,,,
,,,,,,
,,,,,,
,,,,,,
,,,,,,
,,,,,,
,,,,,,
,,,,,,
,,,,,,
,,,,,,
,,,,,,
,,,,,,
,,,,,,
,,,,,,
,,,,,,
,,,,,,
,,,,,,
,,,,,,
,,,,,,
,,,,,,
,,,,,,
,,,,,,
,,,,,,
,,,,,,
,,,,,,
,,,,,,
,,,,,,
,,,,,,
,,,,,,
,,,,,,
,,,,,,
,,,,,,
,,,,,,
,,,,,,
,,,,,,
,,,,,,
,,,,,,
,,,,,,
,,,,,,
,,,,,,
,,,,,,
,,,,,,
,,,,,,
,,,,,,
,,,,,,
,,,,,,
,,,,,,
,,,,,,
,,,,,,
,,,,,,
,,,,,,
,,,,,,
,,,,,,
,,,,,,
,,,,,,
,,,,,,
,,,,,,
,,,,,,
,,,,,,
,,,,,,
,,,,,,
,,,,,,
,,,,,,
,,,,,,
,,,,,,
,,,,,,
,,,,,,
,,,,,,
,,,,,,
,,,,,,
,,,,,,
,,,,,,
,,,,,,
,,,,,,
,,,,,,
,,,,,,
,,,,,,
,,,,,,
,,,,,,
,,,,,,
,,,,,,
,,,,,,
,,,,,,
,,,,,,
,,,,,,
,,,,,,
,,,,,,
,,,,,,
,,,,,,
,,,,,,
,,,,,,
,,,,,,
,,,,,,
,,,,,,
,,,,,,
,,,,,,
,,,,,,
,,,,,,
,,,,,,
,,,,,,
,,,,,,
,,,,,,
,,,,,,
,,,,,,
,,,,,,
,,,,,,
,,,,,,
,,,,,,
,,,,,,
,,,,,,
,,,,,,
,,,,,,
,,,,,,
,,,,,,
,,,,,,
,,,,,,
,,,,,,
,,,,,,
,,,,,,
,,,,,,
,,,,,,
,,,,,,
,,,,,,
,,,,,,
,,,,,,
,,,,,,
,,,,,,
,,,,,,
,,,,,,
,,,,,,
,,,,,,
,,,,,,
,,,,,,
,,,,,,
,,,,,,
,,,,,,
,,,,,,
,,,,,,
,,,,,,
,,,,,,
,,,,,,
,,,,,,
,,,,,,
,,,,,,
,,,,,,
,,,,,,
,,,,,,
,,,,,,
,,,,,,
,,,,,,
,,,,,,
,,,,,,
,,,,,,
,,,,,,
,,,,,,
,,,,,,
,,,,,,
,,,,,,
,,,,,,
,,,,,,
,,,,,,
,,,,,,
,,,,,,
,,,,,,
,,,,,,
,,,,,,
,,,,,,
,,,,,,
,,,,,,
,,,,,,
,,,,,,
,,,,,,
,,,,,,
,,,,,,
,,,,,,
,,,,,,
,,,,,,
,,,,,,
,,,,,,
,,,,,,
,,,,,,
,,,,,,
,,,,,,
,,,,,,
,,,,,,
,,,,,,
,,,,,,
,,,,,,
,,,,,,
,,,,,,
,,,,,,
,,,,,,
,,,,,,
,,,,,,
,,,,,,
,,,,,,
,,,,,,
,,,,,,
,,,,,,
,,,,,,
,,,,,,
,,,,,,
,,,,,,
,,,,,,
,,,,,,
,,,,,,
,,,,,,
,,,,,,
,,,,,,
,,,,,,
,,,,,,
,,,,,,
,,,,,,
,,,,,,
,,,,,,
,,,,,,
,,,,,,
,,,,,,
,,,,,,
,,,,,,
,,,,,,
,,,,,,
,,,,,,
,,,,,,
,,,,,,
,,,,,,
,,,,,,
,,,,,,
,,,,,,
,,,,,,
,,,,,,
,,,,,,
,,,,,,
,,,,,,
,,,,,,
,,,,,,
,,,,,,
,,,,,,
,,,,,,
,,,,,,
,,,,,,
,,,,,,
,,,,,,
,,,,,,
,,,,,,
,,,,,,
,,,,,,
,,,,,,
,,,,,,
,,,,,,
,,,,,,
,,,,,,
,,,,,,
,,,,,,
,,,,,,
,,,,,,
,,,,,,
,,,,,,
,,,,,,
,,,,,,
,,,,,,
,,,,,,
,,,,,,
,,,,,,
,,,,,,
,,,,,,
,,,,,,
,,,,,,
,,,,,,
,,,,,,
,,,,,,
,,,,,,
,,,,,,
,,,,,,
,,,,,,
,,,,,,
,,,,,,
,,,,,,
,,,,,,
,,,,,,
,,,,,,
,,,,,,
,,,,,,
,,,,,,
,,,,,,
,,,,,,
,,,,,,
,,,,,,
,,,,,,
,,,,,,
,,,,,,
,,,,,,
,,,,,,
,,,,,,
,,,,,,
,,,,,,
,,,,,,
,,,,,,
,,,,,,
,,,,,,
,,,,,,
,,,,,,
,,,,,,
,,,,,,
,,,,,,
,,,,,,
,,,,,,
,,,,,,
,,,,,,
,,,,,,
,,,,,,
,,,,,,
,,,,,,
,,,,,,
,,,,,,
,,,,,,
,,,,,,
,,,,,,
,,,,,,
,,,,,,
,,,,,,
,,,,,,
,,,,,,
,,,,,,
,,,,,,
,,,,,,
,,,,,,
,,,,,,
,,,,,,
,,,,,,
,,,,,,
,,,,,,
,,,,,,
,,,,,,
,,,,,,
,,,,,,
,,,,,,
,,,,,,
,,,,,,
,,,,,,
,,,,,,
,,,,,,
,,,,,,
,,,,,,
,,,,,,
,,,,,,
,,,,,,
,,,,,,
,,,,,,
,,,,,,
,,,,,,
,,,,,,
,,,,,,
,,,,,,
,,,,,,
,,,,,,
,,,,,,
,,,,,,
,,,,,,
,,,,,,
,,,,,,
,,,,,,
,,,,,,
,,,,,,
,,,,,,
,,,,,,
,,,,,,
,,,,,,
,,,,,,
,,,,,,
,,,,,,
,,,,,,
,,,,,,
,,,,,,
,,,,,,
,,,,,,
,,,,,,
,,,,,,
,,,,,,
,,,,,,
,,,,,,
,,,,,,
,,,,,,
,,,,,,
,,,,,,
,,,,,,
,,,,,,
,,,,,,
,,,,,,
,,,,,,
,,,,,,
,,,,,,
,,,,,,
,,,,,,
,,,,,,
,,,,,,
,,,,,,
,,,,,,
,,,,,,
,,,,,,
,,,,,,
,,,,,,
,,,,,,
,,,,,,
,,,,,,
,,,,,,
,,,,,,
,,,,,,
,,,,,,
,,,,,,
,,,,,,
,,,,,,
,,,,,,
,,,,,,
,,,,,,
,,,,,,
,,,,,,
,,,,,,
,,,,,,
,,,,,,
,,,,,,
,,,,,,
,,,,,,
,,,,,,
,,,,,,
,,,,,,
,,,,,,
,,,,,,
,,,,,,
,,,,,,
,,,,,,
,,,,,,
,,,,,,
,,,,,,
,,,,,,
,,,,,,
,,,,,,
,,,,,,
,,,,,,
,,,,,,
,,,,,,
,,,,,,
,,,,,,
,,,,,,
,,,,,,
,,,,,,
,,,,,,
,,,,,,
,,,,,,
,,,,,,
,,,,,,
,,,,,,
,,,,,,
,,,,,,
,,,,,,
,,,,,,
,,,,,,
,,,,,,
,,,,,,
,,,,,,
,,,,,,
,,,,,,
,,,,,,
,,,,,,
,,,,,,
,,,,,,
,,,,,,
,,,,,,
,,,,,,
,,,,,,
,,,,,,
,,,,,,
,,,,,,
,,,,,,
,,,,,,
,,,,,,
,,,,,,
,,,,,,
,,,,,,
,,,,,,
,,,,,,
,,,,,,
,,,,,,
,,,,,,
,,,,,,
,,,,,,
,,,,,,
,,,,,,
,,,,,,
,,,,,,
,,,,,,
,,,,,,
,,,,,,
,,,,,,
,,,,,,
,,,,,,
,,,,,,
,,,,,,
,,,,,,
,,,,,,
,,,,,,
,,,,,,
,,,,,,
,,,,,,
,,,,,,
,,,,,,
,,,,,,
,,,,,,
,,,,,,
,,,,,,
,,,,,,
,,,,,,
,,,,,,
,,,,,,
,,,,,,
,,,,,,
,,,,,,
,,,,,,
,,,,,,
,,,,,,
,,,,,,
,,,,,,
,,,,,,
,,,,,,
,,,,,,
,,,,,,
,,,,,,
,,,,,,
,,,,,,
,,,,,,
,,,,,,
,,,,,,
,,,,,,
,,,,,,
,,,,,,
,,,,,,
,,,,,,
,,,,,,
,,,,,,
,,,,,,
,,,,,,
,,,,,,
,,,,,,
,,,,,,
,,,,,,
,,,,,,
,,,,,,
,,,,,,
,,,,,,
,,,,,,
,,,,,,
,,,,,,
,,,,,,
,,,,,,
,,,,,,
,,,,,,
,,,,,,
,,,,,,
,,,,,,
,,,,,,
,,,,,,
,,,,,,
,,,,,,
,,,,,,
,,,,,,
,,,,,,
,,,,,,
,,,,,,
,,,,,,
,,,,,,
,,,,,,
,,,,,,
,,,,,,
,,,,,,
,,,,,,
,,,,,,
,,,,,,
,,,,,,
,,,,,,
,,,,,,
,,,,,,
,,,,,,
,,,,,,
,,,,,,
,,,,,,
,,,,,,
,,,,,,
,,,,,,
,,,,,,
,,,,,,
,,,,,,
,,,,,,
,,,,,,
,,,,,,
,,,,,,
,,,,,,
,,,,,,
,,,,,,
,,,,,,
,,,,,,
