productAsin,country,date,isVerified,ratingScore,reviewTitle,Review_Text,preprocessed_review,sentiment,sentiment_score,index,ml_sentiment
B09G9BL5CP,India,11-08-2024,True,4.0,No charger,"Every thing is good about iPhones, there's nothing compared to it's speed and ios but i was disappointed because there's no charger for it even though Indian judiciary told them to provide , still they haven't made any progress regarding charger. Why should we spend 62k and more than that for iPhones because of it's brand and Acessories comfort size and Features right if that's not there what's point of buying an iPhone.Thank you",every thing good iphones there nothing compared speed io disappointed there charger even though indian judiciary told provide still havent made progress regarding charger spend k iphones brand acessories comfort size feature right thats whats point buying iphonethank,Negative,-1,1,Negative
B09G9BL5CP,India,16-08-2024,True,5.0,iPhone 13 256GB,"It look so fabulous, I am android user switched to apple, performance wise iPhone is more better than android due to A15 Bionic chip. I feel pleasant while using iPhone in hand. I like it very much",look fabulous android user switched apple performance wise iphone better android due bionic chip feel pleasant using iphone hand like much,Neutral,0,2,Positive
B09G9BL5CP,India,14-05-2024,True,4.0,Flip camera option nill,"I tried to flip camera while recording but no facility is added here. You have to pause first then you can flip from back to front or vice versa it means you can't continue it, very awkward position. Iphone software should be upgraded so that we can make it go. It's very essential for a content creator. I purchased gimbal dji om se but it could not provided that, it's very essential for a vlogger but I was fed up after finding the basic requirements wasn't built in these products !",tried flip camera recording facility added pause first flip back front vice versa mean cant continue awkward position iphone software upgraded make go essential content creator purchased gimbal dji om se could provided essential vlogger fed finding basic requirement wasnt built product,Neutral,0,3,Negative
B09G9BL5CP,India,24-06-2024,True,5.0,Product,100 genuine,genuine,Neutral,0,4,Neutral
B09G9BL5CP,India,18-05-2024,True,5.0,Good product,Happy to get the iPhone 13 in Amazon offer,happy get iphone amazon offer,Neutral,0,5,Positive
B09G9BL5CP,India,14-05-2024,True,5.0,Too smooth and effective battery life,5 star,star,Neutral,0,6,Neutral
B09G9BL5CP,India,28-01-2024,True,5.0,Apple 13 256 GB,"Great Product... Nothing to say, as the Name APPLE is own identity of this product.. All is well, recommendation is 100 . Just grab this product else you missed something....",great product nothing say name apple identity product well recommendation grab product else missed something,Positive,1,7,Positive
B09G9BL5CP,India,01-03-2024,True,5.0,Good,Good product,good product,Positive,1,8,Positive
B09G9BL5CP,India,14-11-2023,True,4.0,Good,Nice product,nice product,Positive,1,9,Positive
B09G9BL5CP,India,03-02-2024,True,5.0,Excellent,Excellent product,excellent product,Positive,1,10,Positive
B09G9BL5CP,India,06-02-2022,True,5.0,Truly worth the money spent! Even if you go broke!,"My honest review after going broke buying this depreciating object.I have been using android phones since the last 10 years and finally decided to switch to iPhone! I used to roast iPhone for its prices, lack of features and also things like power adapter not given in box etc, but my last android phone iqoo 7 legend had lot of software related issues and battery issues after updating it to android 12, tired of bugs and software glitches in android, I finally decided to buy a iPhone and switch from android to iOS And Boy Was I right!I never even held an iPhone In my life before because of its price, but now I made a great choice even if I had to spend all my savings on it.iPhone 13 is so smooth that even my IQOO 7 Legend with 120hz feels slower than it even if iPhone has only 60hz. And I cant believe what Im seeing, all the gamesapps are so much smoother and optimised than on android.I was very sceptical about the charging speed of an iPhone Because in Iqoo I had 66w fast charger where as for iPhone I had to buy 20w separate fast charger for 1800rs, but charging speed isnt disappointing.Display quality is truly flagship level and Im quite a fan of the small 6.1 display believe it or not, being able to reach the top of display with just one hand is very helpful, Build quality is great.I would recommend NOT to waste extra 40k for buying 13 pro. Because I dont think having a extra camera telephoto lens is worth spending 40k.You can see in the 3rd image attached the quality of wide angle camera pic shot on my iPhone 13, wide angle camera struggles in low light, but main camera is really good, captures true colours. Front camera is really good too, truly flagship.Speakers are Great.Battery life is better than my previous devices,iOS is very optimised in terms of battery life, easy 8hrs sot on normal usage.NOTE While playing BGMI you loose around 2 battery every 6minutes at HD Extreme Graphics. Which is also good. Pro Max Would Be far better in terms of battery.For the software? Yes I feel like there are few downsides, even if the software is very smooth and has very less bugs, it has two annoying things any game gets paused when you open control centre just to check the battery etc, Lock Screen is annoying and also having to reach the top left corner just to see notifications is also annoying, clearing all notifications is also very annoying.But other than that a perfect 1010 purchase. I was very disappointed at myself when I paid for the iPhone but when I received it I was truly happy that I bought it.Truly worth it.",honest review going broke buying depreciating objecti using android phone since last year finally decided switch iphone used roast iphone price lack feature also thing like power adapter given box etc last android phone iqoo legend lot software related issue battery issue updating android tired bug software glitch android finally decided buy iphone switch android io boy righti never even held iphone life price made great choice even spend saving itiphone smooth even iqoo legend hz feel slower even iphone hz cant believe im seeing gamesapps much smoother optimised androidi sceptical charging speed iphone iqoo w fast charger iphone buy w separate fast charger r charging speed isnt disappointingdisplay quality truly flagship level im quite fan small display believe able reach top display one hand helpful build quality greati would recommend waste extra k buying pro dont think extra camera telephoto lens worth spending kyou see rd image attached quality wide angle camera pic shot iphone wide angle camera struggle low light main camera really good capture true colour front camera really good truly flagshipspeakers greatbattery life better previous devicesios optimised term battery life easy hr sot normal usagenote playing bgmi loose around battery every minute hd extreme graphic also good pro max would far better term batteryfor software yes feel like downside even software smooth less bug two annoying thing game get paused open control centre check battery etc lock screen annoying also reach top left corner see notification also annoying clearing notification also annoyingbut perfect purchase disappointed paid iphone received truly happy bought ittruly worth,Negative,-1,11,Positive
B09G9BL5CP,India,06-07-2024,True,5.0,I love it,Nice,nice,Positive,1,12,Positive
B09G9BL5CP,India,18-05-2024,True,5.0,It’s a legit iPhone,Its a perfect iPhone I highly recommend this seller . Great price on their sale. The phone is good,perfect iphone highly recommend seller great price sale phone good,Positive,1,13,Positive
B09G9BL5CP,India,11-03-2024,True,5.0,Worth every penny,What I like about this phone is that it is quite reasonable comparing other iphones and Is very good and nice to use.,like phone quite reasonable comparing iphones good nice use,Positive,1,14,Positive
B09G9BL5CP,India,12-10-2023,True,4.0,Nice.,I bought the product little expensive. Within a month price dropped by Rs.17000.,bought product little expensive within month price dropped r,Neutral,0,15,Neutral
B09G9BL5CP,India,11-03-2022,True,5.0,Worth the product,"Though we talk a lot about high price for iPhones, this is worth the amount. Smooth touch, perfect to hold in hand. For the screen size of 6.1"", it looks small overall. I could have gone for pro max but more than 1.5L budget is way too much for me Good battery backup With low battery mode always on, 5 hours of talktime, around 2 hours of twitter and 2 hours of whatsapp usage, 1 hour of songs listening, 1 hour of rummycandy crush games and notification of all these items, the battery comes for more than 24 hours for me Getting charged quickly from 20 to 100 within 2 hours Perfect camera and I love that 'Live' photo option Body design is awesome. When I held it in my hand for the first time, felt really happy about the design and the size of the iPhone 13.",though talk lot high price iphones worth amount smooth touch perfect hold hand screen size look small overall could gone pro max l budget way much good battery backup low battery mode always hour talktime around hour twitter hour whatsapp usage hour song listening hour rummycandy crush game notification item battery come hour getting charged quickly within hour perfect camera love live photo option body design awesome held hand first time felt really happy design size iphone,Positive,1,16,Positive
B09G9BL5CP,India,31-10-2023,True,3.0,It's been a week since I've been using this phone,Works just fine nothing special the camera is also good but during night it's not what I expected it to be and you have to charge the phone twice if you use it a lot it also heat sometimes it it doesn't like but sometimes it doesn't feel very smooth I don't know if it's value for money,work fine nothing special camera also good night expected charge phone twice use lot also heat sometimes doesnt like sometimes doesnt feel smooth dont know value money,Positive,1,17,Positive
B09G9BL5CP,India,29-11-2023,True,5.0,Great,Loved it,loved,Neutral,0,18,Positive
B09G9BL5CP,India,08-09-2022,True,5.0,Same as shown in pictures,Theres no same day delivery Phone was delivered to me in 34 days. I had to purchase the phone thrice so on the third attempt I finally received the phone. Battery life is better than iPhone XR. Phone is same as shown in pictures. Amazon refund policy is good. I received both refunds within 24 hours.,there day delivery phone delivered day purchase phone thrice third attempt finally received phone battery life better iphone xr phone shown picture amazon refund policy good received refund within hour,Positive,1,19,Positive
B09G9BL5CP,India,14-02-2024,True,2.0,My device is not working need help,My device is not working switched offIam not able to download Invoice and warranty documentHow can I get itService center asking the document,device working switched offiam able download invoice warranty documenthow get itservice center asking document,Neutral,0,20,Neutral
B09G9BL5CP,India,06-08-2024,True,5.0,Its the best,Best,best,Positive,1,21,Positive
B09G9BL5CP,India,25-06-2024,True,3.0,Not worth,Not worth,worth,Neutral,0,22,Negative
B09G9BL5CP,India,12-05-2024,True,3.0,Improved version of iPhone 11,Nothing new features only model changed,nothing new feature model changed,Neutral,0,23,Neutral
B09G9BL5CP,India,21-07-2024,True,2.0,Doubtful,Seals were teared but only stricker was put. I don't know whether it is new or refurbished but it's working .,seal teared stricker put dont know whether new refurbished working,Neutral,0,24,Neutral
B09G9BL5CP,India,04-11-2023,True,5.0,Amazing and Best value for money Iphone,"This phone has well balanced HD oled sDisplay. Colours are accurate. Camera quality is very good even with 12 MP cameras. Selfies and portrait look good, but selfies indoor required little improvement which can be done through software. Battery back up is great. Faster transfer using Airdrop. I am getting a 1 and half day of battery backup with normal usage. Overall a perfect smartphone with ios experience.",phone well balanced hd oled sdisplay colour accurate camera quality good even mp camera selfies portrait look good selfies indoor required little improvement done software battery back great faster transfer using airdrop getting half day battery backup normal usage overall perfect smartphone io experience,Positive,1,25,Positive
B09G9BL5CP,India,15-02-2024,True,5.0,Good,Good not like android,good like android,Positive,1,26,Positive
B09G9BL5CP,India,24-01-2024,True,5.0,Supar mobile phone,Good charge,good charge,Positive,1,27,Positive
B09G9BL5CP,India,07-04-2022,True,4.0,Good but it’s not recommended to all,Actually Im android user now switched to iPhone user experience is good but camera quality isnt meet my expectations when taken photos on day times and little low lights youll get good quality photos. Night mode is worst. Battery is good for moderate users. Phone is very compact and display quality really awesome. My conclusion if you looking for privacy and protect from hackers definitely iPhone is safe. Those who are all moderate user and then buy this model,actually im android user switched iphone user experience good camera quality isnt meet expectation taken photo day time little low light youll get good quality photo night mode worst battery good moderate user phone compact display quality really awesome conclusion looking privacy protect hacker definitely iphone safe moderate user buy model,Negative,-1,28,Positive
B09G9BL5CP,India,10-12-2023,True,5.0,Good,Very good I am happy,good happy,Positive,1,29,Positive
B09G9BL5CP,India,10-08-2024,True,4.0,Good,Works fine,work fine,Neutral,0,30,Positive
B09G9BL5CP,India,18-07-2024,True,4.0,Good,Cool,cool,Neutral,0,31,Positive
B09G9BL5CP,India,22-08-2024,True,5.0,Apple phone,"As it is an apple product, quality is ensured and proven",apple product quality ensured proven,Neutral,0,32,Neutral
B09G9BL5CP,India,07-07-2024,True,5.0,Dear Apple,My phone was bent for some reason. So kindly infirm check my warrenty period. Get me feedback,phone bent reason kindly infirm check warrenty period get feedback,Neutral,0,33,Positive
B09G9BL5CP,India,01-06-2024,True,5.0,excellent,fine,fine,Neutral,0,34,Positive
B09G9BL5CP,India,11-10-2023,True,5.0,It's good for content creation,"I mainly bought it for content creation because the software optimization was good and also because I use macbook air so data transfer between iphone is quicker than the android one, basically less hassle.Love the photo and video quality.It's also mostly for work than personal use. Customization is a bit hard but I also use android as primary phone so not an issue for me.Overall a good purchase for me.",mainly bought content creation software optimization good also use macbook air data transfer iphone quicker android one basically less hasslelove photo video qualityits also mostly work personal use customization bit hard also use android primary phone issue meoverall good purchase,Positive,1,35,Positive
B09G9BL5CP,India,02-07-2024,True,2.0,No airdrop and personal hotspot .,"I bought this iPhone 13 . There was a manufacturing defect as this phone doesntHave personal hotspot and Airdrop . Its blocked , not turning on . Deception . I cant afford this . I am now in foreign , my friend bought this iPhone . I am not in a position even to return this iPhone .",bought iphone manufacturing defect phone doesnthave personal hotspot airdrop blocked turning deception cant afford foreign friend bought iphone position even return iphone,Neutral,0,36,Negative
B09G9BL5CP,India,29-11-2023,True,5.0,Amazing phone,I received iPhone 13 timely.Product is working great.It improved my lifestyle as well.Camera quality is awesome. Battery performance is pretty good.Thanks to Amazon for your great service.,received iphone timelyproduct working greatit improved lifestyle wellcamera quality awesome battery performance pretty goodthanks amazon great service,Positive,1,37,Positive
B09G9BL5CP,India,06-11-2023,True,3.0,"Not that great deal. Battery performance, heating,hanging","Facing heating issue, Battery performance is not that good. On screen 12 hrs only as of now. Hanging in between, which we didnt expect from Apple. Look is fantastic. Small while compared to XR.",facing heating issue battery performance good screen hr hanging didnt expect apple look fantastic small compared xr,Positive,1,38,Positive
B09G9BL5CP,India,19-08-2024,True,4.0,Stunning Design and a Beautiful Pink!,"I finally upgraded from my trusty iPhone 5s to the iPhone 13, and let me tell you, it feels like Ive timetraveled from the past to the future! The pink color is absolutely gorgeousit's the perfect blend of subtle and stylish, making the phone look sleek and modern. Ive received so many compliments on it already.The design is everything youd expect from Apple premium, wellcrafted, and just a pleasure to hold. Coming from a 5s, its almost like I was using a rotary phone before this. I halfexpected Siri to say, Welcome to the 21st century!The display is bright and vibrant, the camera is a huge leap forward, and the overall performance is incredibly smooth. Its crazy how much has changedface ID feels like magic, and the battery life is a dream compared to my old 5s, which needed a charger practically glued to it.If youre thinking about upgrading, especially if youre coming from a much older model like I was, dont hesitate. This iPhone 13 in pink is a stunner and well worth the leap!",finally upgraded trusty iphone iphone let tell feel like ive timetraveled past future pink color absolutely gorgeousits perfect blend subtle stylish making phone look sleek modern ive received many compliment alreadythe design everything youd expect apple premium wellcrafted pleasure hold coming almost like using rotary phone halfexpected siri say welcome st centurythe display bright vibrant camera huge leap forward overall performance incredibly smooth crazy much changedface id feel like magic battery life dream compared old needed charger practically glued itif youre thinking upgrading especially youre coming much older model like dont hesitate iphone pink stunner well worth leap,Positive,1,39,Positive
B09G9BL5CP,India,04-09-2024,True,5.0,My favourite 🤩,"I really wanted to get an iPhone and it is my first iPhone but i loved it the sound quality is great and it charges fast, the phone is a bit heavy but it looks classy the display also works well and the camera is the best",really wanted get iphone first iphone loved sound quality great charge fast phone bit heavy look classy display also work well camera best,Positive,1,40,Positive
B09G9BL5CP,India,22-06-2024,True,5.0,Still one of best base flagships out there in 2024,"Things I liked1. Solid Build Quality and very polished software compared to Samsung's One UI2. CameraRear Rear camera is pretty decent with good color accuracy in all lighting conditions. Videos are steady and smooth.3. Mic Speakers Mic is exceptionally well, isolates all background sounds in noisy situations. Speakers are crisp with good bass.4. Performance This is where the phone shines, you can throw any app available on the App store and it will run it without breaking a sweat.5. Face Id works like charm, it's the best biometric phone lock out there undoubtedly.Things I wish were better1. Battery life would have been better, I get up to 4.30 5 Hours SOT with mixed usage high brightness, 1 hour calls, 23 hour social media, and 2 hour media playbackmusic2. Charges Slow compared to my earlier Samsung. Takes almost 1.2 Hours from 20 to 803. Front camera is average, it fails to get correct skin tones and lighting. I keep it on default and still it produces over saturated photos.4. Dialer phone app sucks. I am someone who makes up to 200 calls a day due to nature of my SCM work. Dialer on Samsung is far better. For unknown call you can add a note to the number in Samsung and it reflect when the person call you again, without having to save unnecessary contacts. Number pad does not detect contact unless complete number is typed.",thing liked solid build quality polished software compared samsungs one ui camerarear rear camera pretty decent good color accuracy lighting condition video steady smooth mic speaker mic exceptionally well isolates background sound noisy situation speaker crisp good bass performance phone shine throw app available app store run without breaking sweat face id work like charm best biometric phone lock undoubtedlythings wish better battery life would better get hour sot mixed usage high brightness hour call hour social medium hour medium playbackmusic charge slow compared earlier samsung take almost hour front camera average fails get correct skin tone lighting keep default still produce saturated photo dialer phone app suck someone make call day due nature scm work dialer samsung far better unknown call add note number samsung reflect person call without save unnecessary contact number pad detect contact unless complete number typed,Positive,1,41,Positive
B09G9BL5CP,India,18-09-2024,True,5.0,Awesome product,Each and every thingLove this Product,every thinglove product,Neutral,0,42,Neutral
B09G9BL5CP,India,19-09-2024,True,5.0,The way it was fast.,I liked the way it was fast.,liked way fast,Neutral,0,43,Positive
B09G9BL5CP,India,20-10-2023,True,3.0,feel good yet(6 month),"IOS 17.5 current version updated from 16.6Thw worst thing as a ios user for me that the fear of update , i heared some updates get display issues battery drain issues , god sake i doesn't had any issues from ios updates , but till i care device was great, super handy for me, little feeling of weight .Display The 60Hz refresh rate didn't felt badly form me cause i am used such kind of device before. The brightness Range is so comfortable. The 2160p60 HDR videos in youtube give blissful experianceBattery And charging The charging time i took 1Hour to charge from 20 to 91 using apple 20w original adapter and cable without any interruptionno electricity break or disconnection ,calls etc Battery backup I am mostly maintain battery in btw 20 80 so i think this may get one day backup for me ,Average 5h screen on timeThe one day backup is just a advertisemnt advertisement label usaully we use, actually a day like events,party,outing we use camera ,editing app, social media app more than usual use , that day i didn't get a satisfied backup . Little temperature warming while charging , no heating issue battery health after 6 month 98battery cycle count 194 after 6 monthPerfomance Good perfomance for video editing ,photography , social media . I am not a gamer Camera Even though i felt some lag or stuck screens in some third party applications The cinematic Mode is mind Blowing . i missed 13 pro or higher varients for zooming in this mode . Actually i really miss pro variant for the tele lens and camera features while i using this . Cost is wall for me. The photos are nice and feature like exposure adjust and filter was good and quality photos . And the 5x zoomed photos is not good for me.it reduced the pixel quality . The video and optical image stabilisation was mind blowing . i mostly explore on videos . it was soo good , no words other than that.AND THE BIGGEST FEAR FOR ME NOW IS IOS UPDATEi turned off the auto update at first place .i heared about DISPLAY ISSUES,HEATING ISSUES and BUGS in the ios updates for 13 and 14 series.So for expencive and established brand like apple does not fair . This is the only ve i have to say as a reminder .Also i heared without ios update display issues are happened . Buy the way it is a hardware issue one of the display provider company's batch may show the issues . but we customers cannot identify which company provides the hardaware.I will attach my battery analytics data screnshot photo here so you can better understand how the battery is good The ordering experience in the greate indian sale was worst . I planned to buy this for 45999 in oct7 greate indian sale offer but i got canceled then i bought for 48999 that was disppointed .As a whole i didn't recommend base models ,i felt i must have buy pro variant but for person who need ios in affordable price i recommend 13 is better than 14",io current version updated thw worst thing io user fear update heared update get display issue battery drain issue god sake doesnt issue io update till care device great super handy little feeling weight display hz refresh rate didnt felt badly form cause used kind device brightness range comfortable p hdr video youtube give blissful experiancebattery charging charging time took hour charge using apple w original adapter cable without interruptionno electricity break disconnection call etc battery backup mostly maintain battery btw think may get one day backup average h screen timethe one day backup advertisemnt advertisement label usaully use actually day like eventspartyouting use camera editing app social medium app usual use day didnt get satisfied backup little temperature warming charging heating issue battery health month battery cycle count monthperfomance good perfomance video editing photography social medium gamer camera even though felt lag stuck screen third party application cinematic mode mind blowing missed pro higher varients zooming mode actually really miss pro variant tele lens camera feature using cost wall photo nice feature like exposure adjust filter good quality photo x zoomed photo good meit reduced pixel quality video optical image stabilisation mind blowing mostly explore video soo good word thatand biggest fear io updatei turned auto update first place heared display issuesheating issue bug io update seriesso expencive established brand like apple fair say reminder also heared without io update display issue happened buy way hardware issue one display provider company batch may show issue customer cannot identify company provides hardawarei attach battery analytics data screnshot photo better understand battery good ordering experience greate indian sale worst planned buy oct greate indian sale offer got canceled bought disppointed whole didnt recommend base model felt must buy pro variant person need io affordable price recommend better,Negative,-1,44,Positive
B09G9BL5CP,India,17-08-2024,True,5.0,It’s completely worth it product,Im using it from almost 2 months there no issue Im facing as such now camera quality is great and best part is its Display gives you premium experience u can go for it,im using almost month issue im facing camera quality great best part display give premium experience u go,Positive,1,45,Positive
B09G9BL5CP,India,11-09-2024,True,3.0,Phone seems hanging within 6months of use,Picture quality is fine but hanging issue,picture quality fine hanging issue,Neutral,0,46,Positive
B09G9BL5CP,India,06-04-2024,True,4.0,So far so good,"Writing this review after using the phone for 5 months.Pros camera clicks amazing pictures, video recording is the best I've seen in a phone so far compared to my previous phones. Stable videos with no shaking battery life is good. Lasts an entire day with medium use. I don't game on the phone. Charging is as quick as it is with phones that use USB C. display is soo good. So bright built is solid, dropped phone a couple of times once with the cover and once without and not even a scratch. listening to music and watching videos is a hot cos of how good the speakers r. Crystal clear with the right amount of bass and treble.Cons phone is a tad heavy and using it for hrs on a stretch can result in pain in the wrist or fingersGot the phone in Diwali sale on discount so bang for buck if u ask me",writing review using phone monthspros camera click amazing picture video recording best ive seen phone far compared previous phone stable video shaking battery life good last entire day medium use dont game phone charging quick phone use usb c display soo good bright built solid dropped phone couple time cover without even scratch listening music watching video hot co good speaker r crystal clear right amount bass treblecons phone tad heavy using hr stretch result pain wrist fingersgot phone diwali sale discount bang buck u ask,Positive,1,47,Positive
B09G9BL5CP,India,14-08-2024,True,5.0,Best Phone,best phone,best phone,Positive,1,48,Positive
B09G9BL5CP,India,12-08-2024,True,4.0,Quality,Nice one,nice one,Positive,1,49,Positive
B09G9BL5CP,India,29-06-2024,True,4.0,Amazing,"Finally Switched from android. In hand feel is super amazing. they are still susceptible to hacking, among other types of security threats. Photos comes out ver good .Screen quality is wow i mean watching experience is super satisfying.",finally switched android hand feel super amazing still susceptible hacking among type security threat photo come ver good screen quality wow mean watching experience super satisfying,Positive,1,50,Positive
B09G9BL5CP,India,15-09-2024,True,3.0,Mobile phone getting overheated,The new I phone 13 purchased by me is developing overheating while using charging. May be duplicate product being supplied online. My request to Amazon is to change the phone,new phone purchased developing overheating using charging may duplicate product supplied online request amazon change phone,Neutral,0,51,Positive
B09G9BL5CP,India,01-11-2023,True,4.0,The iPhone 13 - A Stunning Upgrade!,"The iPhone 13 is, without a doubt, a gamechanger. As an avid Apple user, I recently upgraded to this incredible device, and it has exceeded my already high expectations in every way. Here's why I am thoroughly impressed with the iPhone 13Performance The A15 Bionic chip is a powerhouse. It makes everything I do on my phone feel lightningfast and seamless. Whether I'm gaming, streaming, or multitasking, the iPhone 13 handles it all effortlessly.Display The Super Retina XDR display is a work of art. The colors are vivid, the brightness is exceptional, and the contrast is stunning. Whether I'm watching movies, browsing the web, or scrolling through social media, the visual experience is second to none.Camera The camera system on the iPhone 13 is nothing short of amazing. It captures photos and videos with outstanding clarity and detail. The Night mode has been a gamechanger for lowlight photography, and the Cinematic mode for videos adds a whole new dimension to my creative endeavors.Battery Life Apple has improved battery life on the iPhone 13, and it shows. I can go through an entire day of heavy usage without needing to reach for a charger. The battery management features are also impressive, ensuring I get the most out of every charge.iOS The iPhone 13 runs on iOS, and the user experience is unmatched. The interface is intuitive, and the App Store offers a vast ecosystem of apps that enhance the device's capabilities.Design The iPhone 13 boasts a sleek and premium design. It's durable and feels great in hand. The Ceramic Shield front cover offers extra protection, which is a welcome addition.5G Capability The iPhone 13 is 5Gready, which means I can experience lightningfast data speeds and low latency, making it futureproof and ready for the latest advancements in mobile technology.Privacy and Security Apple's commitment to user privacy and security is commendable. With features like Face ID and enhanced data protection, I feel confident that my personal information is in safe hands.In summary, the iPhone 13 is a stunning upgrade, delivering on Apple's legacy of innovation and excellence. It offers exceptional performance, a breathtaking display, a camera system that redefines mobile photography and videography, and a design that exudes luxury. This device is a testament to Apple's commitment to pushing the boundaries of what a smartphone can be. If you're looking for the best in the business, the iPhone 13 is it. I wholeheartedly recommend it to anyone seeking a toptier mobile experience. It's worth every penny and more!",iphone without doubt gamechanger avid apple user recently upgraded incredible device exceeded already high expectation every way here thoroughly impressed iphone performance bionic chip powerhouse make everything phone feel lightningfast seamless whether im gaming streaming multitasking iphone handle effortlesslydisplay super retina xdr display work art color vivid brightness exceptional contrast stunning whether im watching movie browsing web scrolling social medium visual experience second nonecamera camera system iphone nothing short amazing capture photo video outstanding clarity detail night mode gamechanger lowlight photography cinematic mode video add whole new dimension creative endeavorsbattery life apple improved battery life iphone show go entire day heavy usage without needing reach charger battery management feature also impressive ensuring get every chargeios iphone run io user experience unmatched interface intuitive app store offer vast ecosystem apps enhance device capabilitiesdesign iphone boast sleek premium design durable feel great hand ceramic shield front cover offer extra protection welcome additiong capability iphone gready mean experience lightningfast data speed low latency making futureproof ready latest advancement mobile technologyprivacy security apple commitment user privacy security commendable feature like face id enhanced data protection feel confident personal information safe handsin summary iphone stunning upgrade delivering apple legacy innovation excellence offer exceptional performance breathtaking display camera system redefines mobile photography videography design exudes luxury device testament apple commitment pushing boundary smartphone youre looking best business iphone wholeheartedly recommend anyone seeking toptier mobile experience worth every penny,Positive,1,52,Positive
B09G9BL5CP,India,07-08-2024,True,3.0,USB cable was defective,"USB cable was defective, it was not charging",usb cable defective charging,Neutral,0,53,Negative
B09G9BL5CP,India,10-08-2024,True,5.0,Good,Good,good,Positive,1,54,Positive
B09G9BL5CP,India,11-05-2024,True,5.0,Iphone 13,Its a my dream phone. Always working proper and processor is strong and mainly camera is always better than other phone. But but i am unhappy withh main heating issue . Please solve the heating issue. At the charging time phone is always produced more heating.,dream phone always working proper processor strong mainly camera always better phone unhappy withh main heating issue please solve heating issue charging time phone always produced heating,Neutral,0,55,Positive
B09G9BL5CP,India,07-06-2024,True,5.0,Quality product,Excellent features,excellent feature,Positive,1,56,Positive
B09G9BL5CP,India,21-09-2023,True,5.0,Really powerful and impressed,"When talking about phone, Apple is always costly and there are always ve and ve for everything.I have been using android for 10 year and now I moved to Apple.There are lot of applications and few features which I am missing while moved to Apple. But what really impressed me is the power of its processor and capabilities.1. When Android phone comes with 6, 8, 12 GB RAM, the speed or performance is poor. At the same time with 4 GB RAM in iPhone was really powerful and mindblowing.2. When Android storage are full, the phone will response very slow. But Apple still surprised me with the performance.3. The video quality of Anroid phone gives from 48 MP is delivered from Apple's 12 MP camera, which is mesmerizing and absolutely brilliant. The battery back up is okay, but could have improved. As I am not using for gaming, it is okay to me As Apple started production in India, the price could have reduced.",talking phone apple always costly always everythingi using android year moved applethere lot application feature missing moved apple really impressed power processor capability android phone come gb ram speed performance poor time gb ram iphone really powerful mindblowing android storage full phone response slow apple still surprised performance video quality anroid phone give mp delivered apple mp camera mesmerizing absolutely brilliant battery back okay could improved using gaming okay apple started production india price could reduced,Negative,-1,57,Positive
B09G9BL5CP,India,15-04-2024,True,5.0,The perfect one,Good product delivered on time,good product delivered time,Positive,1,58,Positive
B09G9BL5CP,India,18-09-2024,True,4.0,Camera quality is not up to the mark,Nice,nice,Positive,1,59,Positive
B09G9BL5CP,India,10-09-2024,True,5.0,"Very happy, genuine product","Very happy with the purchase, product is genuine, but this is my third time when exchang not worked, amazon mentioned the value of old phone but delivery guy 2 times denied accepting the exchange with 2 diff phones in 2 instances. Very bad experience with exchange, not trustworthy in this.",happy purchase product genuine third time exchang worked amazon mentioned value old phone delivery guy time denied accepting exchange diff phone instance bad experience exchange trustworthy,Negative,-1,60,Negative
B09G9BL5CP,India,16-09-2024,True,5.0,Fantastic,Value for money,value money,Neutral,0,61,Positive
B09G9BL5CP,India,21-08-2024,True,5.0,Explant product,No 1 Mobile phone,mobile phone,Neutral,0,62,Negative
B09G9BL5CP,India,16-08-2024,True,5.0,This is a the attempt to purchase for in all i-phone family...,"although, iphone handling is quite different in compare to android phone. But this number is comparatively easier than others.",although iphone handling quite different compare android phone number comparatively easier others,Neutral,0,63,Positive
B09G9BL5CP,India,31-08-2024,True,5.0,Good,best,best,Positive,1,64,Positive
B09G9BL5CP,India,11-05-2024,True,4.0,Mobile have more heat at the time of charging,All over good price is good less than other sources but its have heating issues while charging device. I know apple devices have heated while charging but its too hot than other devices,good price good less source heating issue charging device know apple device heated charging hot device,Positive,1,65,Positive
B09G9BL5CP,India,12-08-2024,True,5.0,Everything was very good,We received a genuine product with best deal very happy. Thanks Amazon.,received genuine product best deal happy thanks amazon,Positive,1,66,Positive
B09G9BL5CP,India,21-08-2024,True,3.0,Heating,I got my iphone 13 yesterday but the exchange price was different when I received my phone and also its heating while charging also,got iphone yesterday exchange price different received phone also heating charging also,Neutral,0,67,Neutral
B09G9BL5CP,India,12-08-2024,True,5.0,The best budget phone,"As expected , peak performance",expected peak performance,Neutral,0,68,Neutral
B09G9BL5CP,India,13-09-2024,True,5.0,"Camera quality, performance, sound quality,optimization",I bought it on 2023 great Indian sale till now the battery health is 91 .Camera is 100 times better than any android deviceDevice is compact and handy.Its premium feel never disappoints you.In terms of providing update apple is on the top of the listI personally recommend white colour,bought great indian sale till battery health camera time better android devicedevice compact handyits premium feel never disappoints youin term providing update apple top listi personally recommend white colour,Positive,1,69,Positive
B09G9BL5CP,India,15-09-2024,True,5.0,Picture quality,osm pic quality,osm pic quality,Neutral,0,70,Neutral
B09G9BL5CP,India,08-10-2023,True,5.0,Awesome,.,,Neutral,0,71,Neutral
B09G9BL5CP,India,09-09-2024,True,5.0,awsome,happy,happy,Neutral,0,72,Positive
B09G9BL5CP,India,11-09-2024,True,5.0,Good product,Very nice phone,nice phone,Positive,1,73,Positive
B09G9BL5CP,India,28-08-2024,True,5.0,Amazing phone,"Great phone , loved it and the camera quality and phone smoothness is amazing",great phone loved camera quality phone smoothness amazing,Positive,1,74,Positive
B09G9BL5CP,India,24-02-2024,True,5.0,Redefining Excellence: A Review of the iPhone 13 128GB,"The iPhone 13 128GB has surpassed my expectations in every aspect, setting a new standard for smartphone excellence. From its sleek design to its powerful performance and innovative features, this device has truly redefined what it means to own a premium smartphone.Design and Build QualityThe iPhone 13s design is a masterpiece of craftsmanship, featuring a sleek aluminum frame and a stunning ceramic shield front cover. The device feels incredibly premium in hand, with its compact form factor and exquisite attention to detail. The IP68 water and dust resistance provide added durability and peace of mind, making it perfect for everyday use.DisplayThe Super Retina XDR display of the iPhone 13 is nothing short of breathtaking. The 6.1inch OLED screen delivers vibrant colors, deep blacks, and excellent brightness levels, ensuring an immersive viewing experience for everything from streaming videos to browsing the web. The True Tone technology adapts the display to ambient lighting conditions, providing a comfortable viewing experience at all times.PerformancePowered by the A15 Bionic chip, the iPhone 13 delivers unparalleled performance and responsiveness. Apps launch instantly, animations are buttery smooth, and multitasking is a breeze, thanks to the efficient CPU and GPU. Whether its gaming, productivity tasks, or content creation, this device handles everything with ease, making it a true powerhouse in the palm of your hand.CameraThe camera system of the iPhone 13 is a true gamechanger, capturing stunning photos and videos with remarkable clarity and detail. The dualcamera setup includes a 12MP wide and ultrawide lens, with features such as Night mode, Deep Fusion, and Smart HDR 4 elevating photography to new heights. The addition of Cinematic mode adds a cinematic touch to video recordings, allowing users to unleash their creativity like never before.Battery LifeBattery life on the iPhone 13 is exceptional, easily lasting a full day with heavy usage. The efficient power management of the A15 chip, coupled with software optimizations, ensures longlasting performance without compromising on productivity or entertainment. With MagSafe charging and fast charging support, staying powered up on the go has never been easier or more convenient.iOS ExperienceAs expected, the iPhone 13 runs on the latest version of iOS, providing a seamless and intuitive user experience. iOS 15 introduces a host of new features and improvements, including Focus mode, Live Text, and enhanced privacy controls, further enhancing the overall user experience and productivity.ConclusionIn conclusion, the iPhone 13 128GB is a true masterpiece of innovation and excellence, delivering an unparalleled experience that is sure to delight even the most discerning smartphone users. With its stunning design, powerful performance, innovative features, and exceptional battery life, its not just a smartphone its a lifestyle upgrade. If youre looking for the best of the best, look no further than the iPhone 13.",iphone gb surpassed expectation every aspect setting new standard smartphone excellence sleek design powerful performance innovative feature device truly redefined mean premium smartphonedesign build qualitythe iphone design masterpiece craftsmanship featuring sleek aluminum frame stunning ceramic shield front cover device feel incredibly premium hand compact form factor exquisite attention detail ip water dust resistance provide added durability peace mind making perfect everyday usedisplaythe super retina xdr display iphone nothing short breathtaking inch oled screen delivers vibrant color deep black excellent brightness level ensuring immersive viewing experience everything streaming video browsing web true tone technology adapts display ambient lighting condition providing comfortable viewing experience timesperformancepowered bionic chip iphone delivers unparalleled performance responsiveness apps launch instantly animation buttery smooth multitasking breeze thanks efficient cpu gpu whether gaming productivity task content creation device handle everything ease making true powerhouse palm handcamerathe camera system iphone true gamechanger capturing stunning photo video remarkable clarity detail dualcamera setup includes mp wide ultrawide lens feature night mode deep fusion smart hdr elevating photography new height addition cinematic mode add cinematic touch video recording allowing user unleash creativity like never beforebattery lifebattery life iphone exceptional easily lasting full day heavy usage efficient power management chip coupled software optimization ensures longlasting performance without compromising productivity entertainment magsafe charging fast charging support staying powered go never easier convenientios experienceas expected iphone run latest version io providing seamless intuitive user experience io introduces host new feature improvement including focus mode live text enhanced privacy control enhancing overall user experience productivityconclusionin conclusion iphone gb true masterpiece innovation excellence delivering unparalleled experience sure delight even discerning smartphone user stunning design powerful performance innovative feature exceptional battery life smartphone lifestyle upgrade youre looking best best look iphone,Positive,1,75,Positive
B09G9BL5CP,India,11-07-2024,True,4.0,1 star cut for heating issue,"Its 8 month and battery health is 90To nullify heating Ive ordered a cooler with Hit sink technology, works like refrigerator .Otherwise phone is so smooth , my storage is fullStill consistently giving great camera performance",month battery health nullify heating ive ordered cooler hit sink technology work like refrigerator otherwise phone smooth storage fullstill consistently giving great camera performance,Positive,1,76,Positive
B09G9BL5CP,India,13-11-2023,True,5.0,"So Beautiful, So elegant, just looking like a wow.","I snagged the iPhone 13 during the Great Indian Festival for an unbeatable price of 45,000, and let me tell you, it's been a gamechanger in every way!Screen The display is absolutely stunning crisp, vibrant, and the colors pop like never before. Watching videos or scrolling through photos is a treat for the eyes. No complaints here!Hanging Zero issues with hanging or lagging. This phone handles multitasking like a champ. Switching between apps is smooth, and I haven't experienced any frustrating delays.Battery The battery life is surprisingly impressive. I can go a full day with normal usage, and it still has juice left in the tank. No more anxiously searching for a charger midday a definite win!Comfort The sleek design makes it a pleasure to hold, and the phone is just the right weight. It feels premium and comfortable in my hand, making it a joy to use for extended periods.Image Quality The camera on the iPhone 13 is a true standout. The photos are sharp, and the night mode is a gamechanger for capturing memories in low light. Selfies have never looked this good!Color I went for the classic Midnight color, and it's elegant and timeless. The finish adds a touch of sophistication, and it doesn't attract fingerprints like some other phones I've had in the past.In summary, getting the iPhone 13 during the Great Indian Festival was an absolute steal. From the incredible screen to the reliable battery life and stunning camera, it's exceeded my expectations. If you're on the fence, take the plunge you won't be disappointed.",snagged iphone great indian festival unbeatable price let tell gamechanger every wayscreen display absolutely stunning crisp vibrant color pop like never watching video scrolling photo treat eye complaint herehanging zero issue hanging lagging phone handle multitasking like champ switching apps smooth havent experienced frustrating delaysbattery battery life surprisingly impressive go full day normal usage still juice left tank anxiously searching charger midday definite wincomfort sleek design make pleasure hold phone right weight feel premium comfortable hand making joy use extended periodsimage quality camera iphone true standout photo sharp night mode gamechanger capturing memory low light selfies never looked goodcolor went classic midnight color elegant timeless finish add touch sophistication doesnt attract fingerprint like phone ive pastin summary getting iphone great indian festival absolute steal incredible screen reliable battery life stunning camera exceeded expectation youre fence take plunge wont disappointed,Negative,-1,77,Positive
B09G9BL5CP,India,27-06-2024,True,4.0,A Sleek and powerful device,"Here's a review for the iPhone 13 128GB in Midnight colorTitle A Sleek and Powerful Device!Rating 55I'm absolutely loving my new iPhone 13 in Midnight color! The sleek design and stunning display make it a headturner. With 128GB of storage, I have plenty of space for my favorite apps, photos, and music.The camera is incredible, capturing crisp and vibrant images even in low light. The battery life is impressive, lasting me a full day with heavy use. The A15 Bionic chip delivers lightningfast performance, making everything from gaming to multitasking a breeze.The Midnight color is sleek and sophisticated, and the OLED display is simply gorgeous. I couldn't be happier with my purchase!Pros Stunning display Excellent camera performance Fast performance Long battery life Sleek designCons None!Overall, I highly recommend the iPhone 13 128GB in Midnight color to anyone looking for a topnotch smartphone!",here review iphone gb midnight colortitle sleek powerful devicerating im absolutely loving new iphone midnight color sleek design stunning display make headturner gb storage plenty space favorite apps photo musicthe camera incredible capturing crisp vibrant image even low light battery life impressive lasting full day heavy use bionic chip delivers lightningfast performance making everything gaming multitasking breezethe midnight color sleek sophisticated oled display simply gorgeous couldnt happier purchasepros stunning display excellent camera performance fast performance long battery life sleek designcons noneoverall highly recommend iphone gb midnight color anyone looking topnotch smartphone,Positive,1,78,Positive
B09G9BL5CP,India,06-09-2024,True,5.0,Good Quality Product,I am happy to share that my personal review. iPhone is very smooth to handle. Display was too good. Camera quality is amazing.Worth it,happy share personal review iphone smooth handle display good camera quality amazingworth,Positive,1,79,Positive
B09G9BL5CP,India,18-09-2024,True,5.0,Amazing,Superb deviceAnd helpful deal amazon,superb deviceand helpful deal amazon,Neutral,0,80,Positive
B09G9BL5CP,India,16-09-2024,True,5.0,👍,Best,best,Positive,1,81,Positive
B09G9BL5CP,India,13-08-2024,True,4.0,Amazing,All is well,well,Neutral,0,82,Positive
B09G9BL5CP,India,07-09-2024,True,5.0,Nice,Mastt,mastt,Neutral,0,83,Neutral
B09G9BL5CP,India,02-09-2024,True,5.0,Best,Best,best,Positive,1,84,Positive
B09G9BL5CP,India,11-08-2024,True,5.0,Awesome Product,After use of 1 week Im write the review this is nice iPhone fast battery charging good battery backup of 1 days.Thanks Amazon,use week im write review nice iphone fast battery charging good battery backup daysthanks amazon,Positive,1,85,Positive
B09G9BL5CP,India,11-01-2023,True,5.0,Good product,I like the colour and battery capacity,like colour battery capacity,Neutral,0,86,Positive
B09G9BL5CP,India,03-10-2022,True,5.0,Good!,Great buy,great buy,Positive,1,87,Positive
B09G9BL5CP,India,11-09-2022,True,5.0,Not good,Not good kindly ignore,good kindly ignore,Positive,1,88,Negative
B09G9BL5CP,India,10-06-2022,True,5.0,Nice,Feels good in hand,feel good hand,Positive,1,89,Positive
B09G9BL5CP,India,12-02-2022,True,5.0,First Apple Product,First iPhone and really good experience.Camera Awesome!Battery Awesome!Overall Awesome!,first iphone really good experiencecamera awesomebattery awesomeoverall awesome,Positive,1,90,Positive
B09G9BL5CP,India,17-06-2022,True,5.0,face unlock is superb,awesome deal,awesome deal,Neutral,0,91,Positive
B09G9BL5CP,India,10-06-2022,True,5.0,It's an iPhone. What more do you need?,Great buy.,great buy,Positive,1,92,Positive
B09G9BL5CP,India,27-11-2021,True,5.0,Smooth value for money,Good productCamera is superbSmoothness is of next levelFeeling proud and feel honor,good productcamera superbsmoothness next levelfeeling proud feel honor,Positive,1,93,Positive
B09G9BL5CP,India,19-11-2021,True,5.0,"It’s an amazing phone….First time IPhone user, great user interface…Sexy looking phone.","Its an amazing phone.First time IPhone user, great user interfaceSexy looking phone.",amazing phonefirst time iphone user great user interfacesexy looking phone,Positive,1,94,Positive
B09G9BL5CP,India,04-04-2022,True,5.0,Good Product,Like this product,like product,Neutral,0,95,Positive
B09G9BL5CP,India,19-11-2022,True,5.0,Perfect phone.. It has its own cost 😅,"Definitely top notch, no doubt about it. iPhone 13 is my first apple product. Really impressed!!!",definitely top notch doubt iphone first apple product really impressed,Neutral,0,96,Positive
B09G9BL5CP,India,27-11-2022,True,5.0,Apple means Apple .. no comparison,Best in the budget No compromise on quality,best budget compromise quality,Positive,1,97,Positive
B09G9BL5CP,India,09-11-2023,True,2.0,Good,Good,good,Positive,1,98,Positive
B09G9BL5CP,India,05-09-2022,True,5.0,The display size feels small after shifting from Samsung,"Good enough Received genuine product from Amazon , so that is a plus.",good enough received genuine product amazon plus,Positive,1,99,Positive
B09G9BL5CP,India,27-06-2023,True,2.0,Adaptor didnot work,"Adaptor supplied with it was not working, when taken to authorized service center they said the adaptor was fake.Do not bur adaptor with it.",adaptor supplied working taken authorized service center said adaptor fakedo bur adaptor,Neutral,0,100,Neutral
B09G9BL5CP,India,24-03-2022,True,4.0,Nothing seems new,Good offers,good offer,Positive,1,101,Positive
B09G9BL5CP,India,16-07-2022,True,5.0,Awesome,Very nice and camera quality is great. More importantly the cinematic video,nice camera quality great importantly cinematic video,Positive,1,102,Positive
B09G9BL5CP,India,28-08-2022,True,5.0,Excellent 👌,Everything is good,everything good,Positive,1,103,Positive
B09G9BL5CP,India,28-07-2022,True,5.0,Package and delivery was amazing,Package and phone was delivered in good condition,package phone delivered good condition,Positive,1,104,Positive
B09G9BL5CP,India,11-06-2022,True,5.0,Wonderful phone,Great performance. Apple never disappoints but still very heavy on wallets,great performance apple never disappoints still heavy wallet,Positive,1,105,Positive
B09G9BL5CP,India,17-09-2024,True,5.0,Decent Phone. Working like a charm,Decent Phone. Working like a charm,decent phone working like charm,Neutral,0,106,Positive
B09G9BL5CP,India,30-07-2022,True,4.0,Review after 1 week of usage,"Got it for 65K on Amazon prime day. So as a lifelong android user I have switched to IOS. So will be dividing this into the pros and negsProduct red 128GBPros1 Received genuine product from Amazon was quite sceptic about it though2 Built quality excellent3 Camera quality excellent. True to life color reproduction, Indoor conditions amazing, night photos are good, facial tones are very good, day clicks are amazing. In short it's an amazing exp. Selfie cam also produces very good quality images. And also no shift in dynamic range while shifting BW wide and ultra wide cams.4 Display Its a really great display, not 120 hz, but the experience is no less than a 120 hz, coz of apple's great software optimization, buttery smooth, no jitters on the screen, won't feel like a 60 hz panel. Now the notch, yes it will be bothering a little bit but its got its own functions, face unlock and stuff works great in all environmental conditionsafter a little while you get adjusted and it got its own magic functions like when when the phone rings and you go close to it, it detects your presence and lowers the vol level.5 Performance Most powerful processor in the world.6 Battery With light usage will easily go for 2 days and with heavy 1 day. Remember to follow a charging pattern and it will give a solid battery exp.7 Speakers Very loud with a small thumpCons1 To keep photos and stuff you need to buy storage. 5 GB by default but that's nothing. Download google photos as an alternate sol. if you don't wanna buy storage.2 File management system sucks, android is much better.3 It has dolby atmos but for that you need a subscription to Apple music.4 Does not have a telephoto cam, which I think is a must at this price point.5 Somehow I am not getting 4g on my airtel, don't know why but in my android phone always used to get that.6 No USB C7 Siri is dumb AF8 Apple maps are not good, so download Google maps.9 Google keypad is much better than apple's.10 Notification panel and those small things like typing in the notification panel and other things that you can do in android is much much better than apple.11 As of now no haptic feedback while typing maybe coming on IOS 16Note Apple ecosystem still exploring that part but whenever you click any pic it automatically gets updated and I can see it in my Macbook also.Overall I would say if you are planning to buy a phone for responsiveness and does the everyday stuff without any hanging problems and stuff then buy it, and also if you are planning to keep it for a long time, then I think its a good investment for the future. Its got Great resale value.Hope this helps in making your decision easier.Update after 2 weeks of usageAll the above points remains the same, but I did check out the ecosystem and the experience has been amazing.1 I can receive and make phone calls cellular calls from my macbook, and the call quality is also good.So basically you can keep your phone in some other section of the house and you are working with your macbook somewhere else and if some call comes you can receive that on your macbook. PS your phone and macbook should be connected to a similar network, i.e wifi.2 Airplay Just from the lock screen itself i can play any video and also listen to music from my phone. So basically you can watch youtube amazon prime videosapp not in the macbook but present on phone and other stuff and also listen to music, and the switch of devices is also seamless. So someone in my house can use my macbook to watch movies on amazon primeplaying from my phone and I can browse linkedin or FB from my iphone.",got k amazon prime day lifelong android user switched io dividing pro negsproduct red gbpros received genuine product amazon quite sceptic though built quality excellent camera quality excellent true life color reproduction indoor condition amazing night photo good facial tone good day click amazing short amazing exp selfie cam also produce good quality image also shift dynamic range shifting bw wide ultra wide cam display really great display hz experience less hz coz apple great software optimization buttery smooth jitter screen wont feel like hz panel notch yes bothering little bit got function face unlock stuff work great environmental conditionsafter little get adjusted got magic function like phone ring go close detects presence lower vol level performance powerful processor world battery light usage easily go day heavy day remember follow charging pattern give solid battery exp speaker loud small thumpcons keep photo stuff need buy storage gb default thats nothing download google photo alternate sol dont wanna buy storage file management system suck android much better dolby atmos need subscription apple music telephoto cam think must price point somehow getting g airtel dont know android phone always used get usb c siri dumb af apple map good download google map google keypad much better apple notification panel small thing like typing notification panel thing android much much better apple haptic feedback typing maybe coming io note apple ecosystem still exploring part whenever click pic automatically get updated see macbook alsooverall would say planning buy phone responsiveness everyday stuff without hanging problem stuff buy also planning keep long time think good investment future got great resale valuehope help making decision easierupdate week usageall point remains check ecosystem experience amazing receive make phone call cellular call macbook call quality also goodso basically keep phone section house working macbook somewhere else call come receive macbook p phone macbook connected similar network ie wifi airplay lock screen play video also listen music phone basically watch youtube amazon prime videosapp macbook present phone stuff also listen music switch device also seamless someone house use macbook watch movie amazon primeplaying phone browse linkedin fb iphone,Positive,1,107,Positive
B09G9BL5CP,India,12-07-2024,True,4.0,"I loved it, if I forgot the price 😄","I used this phone is very smooth, fast, camera quality is natural photos, performance is great i play call of duty very nice",used phone smooth fast camera quality natural photo performance great play call duty nice,Positive,1,108,Positive
B09G9BL5CP,India,31-08-2024,True,5.0,Best iPhone,Affordable priced iPhone. Great build quality and fabulous user experience,affordable priced iphone great build quality fabulous user experience,Positive,1,109,Positive
B09G9BL5CP,India,14-08-2024,True,5.0,Excellent,I have been using this phone since 1 year its good after all,using phone since year good,Positive,1,110,Positive
B09G9BL5CP,India,07-08-2024,True,5.0,Excellent,No words. Excellent phone as usual from Amazon,word excellent phone usual amazon,Positive,1,111,Negative
B09G9BL5CP,India,23-07-2024,True,5.0,very good,nice product,nice product,Positive,1,112,Positive
B09G9BL5CP,India,08-07-2024,True,5.0,Really nice,Father gift,father gift,Neutral,0,113,Positive
B09G9BL5CP,India,11-05-2024,True,5.0,As expected...,This thing is a beast...Battery drain hi nahi hoti. Nazar na lagey,thing beastbattery drain hi nahi hoti nazar na lagey,Neutral,0,114,Neutral
B09G9BL5CP,India,15-05-2024,True,5.0,Nice!!!!,Product is great,product great,Positive,1,115,Positive
B09G9BL5CP,India,30-12-2023,True,5.0,Using after 3 months honest review,"This is my first iPhone and it always feels good to hold this masterpiece. This looks premium not just because of its branding, it has everything which makes it feel premium. However, despite all the looks and finish, the transition from Android to Apple is not very smooth and you may constantly lack certain features that can make life easy. I was using vivo y19 Lite before this and still have that phone with me. Putting out the feature that is being missed by me1. Forwarding Anything in Whatsapp Forwarding anything in Whatsapp from IPhone takes bit more step as compared to what is being offered in Android. This makes the entire process slow for an Android User2. App Switcher Apple could have easily made App Switcher easy with just light Swipe up, instead they made it with long pressed Swipe up. Why man, why.. You don't have any features for Swipe up, just make it easy to launch.3. Andorid Dialer is Always Missed Every android has a basic feature, where you can search the contact directly from Phone Dialer, here Dialer is used for Dialing Number only and it will not suggest you similar contact from contacts or last Dial. This is really bad.. If you have to Dial a number directly, use Dialer.. If you have to dial someone from Recent Call log, shift to that and if you to dial someone from contact, shift to that. Man, all this can be done under one button, under dialer. Android user will miss this very badly.4. Sending Multiple Files in Whatsapp If you wants to add more than 1 file directly from whatsapp, you have to do it twice. In Android, one can simple start selecting from whatspp itself and can select as many files as they wants and can send in a single click. Here for sending multiple files, you have to go to gallery or folder and select all files first and share it through whatsapp.5. No Swipe based shifting from Chats to Status and to calls In Android Whatsapp, you can switch between Calls, Chats and Status by just swiping, here you have to press button of each.6. Contact Viewing Contact list sorting method is still out of my mind. Man, make it easy. For example, if one of your contacts First Name or Middle Name or Last Name, any one of thing start with Alphabet ""A"", than it will be shown on top of the list. Apple, pls adopt any one method or at least allow us to customise it.7. Many Apps in Android are much more refined than its version on Apple.8. This is for those who had use Samsung Pay Samsung Pay was one of the best app for making UPI or Card Payment, just swipe up from home screen of Samsung Phones Only S Series and the app is open for payment, I miss that here very badly.9. Lack of Dual Messenger Facility You can't use two different WhatsApp numbers here in the same phone, as supported in all android right now.These are the issues that I face right now. Apart from this, the phone is good, the sound is loud and clear, it Feels Premium in Hand, the Touch is very good and Face ID works like a charm. Gesture control customisation is really good and you can customise a lot of things.",first iphone always feel good hold masterpiece look premium branding everything make feel premium however despite look finish transition android apple smooth may constantly lack certain feature make life easy using vivo lite still phone putting feature missed forwarding anything whatsapp forwarding anything whatsapp iphone take bit step compared offered android make entire process slow android user app switcher apple could easily made app switcher easy light swipe instead made long pressed swipe man dont feature swipe make easy launch andorid dialer always missed every android basic feature search contact directly phone dialer dialer used dialing number suggest similar contact contact last dial really bad dial number directly use dialer dial someone recent call log shift dial someone contact shift man done one button dialer android user miss badly sending multiple file whatsapp want add file directly whatsapp twice android one simple start selecting whatspp select many file want send single click sending multiple file go gallery folder select file first share whatsapp swipe based shifting chat status call android whatsapp switch call chat status swiping press button contact viewing contact list sorting method still mind man make easy example one contact first name middle name last name one thing start alphabet shown top list apple pls adopt one method least allow u customise many apps android much refined version apple use samsung pay samsung pay one best app making upi card payment swipe home screen samsung phone series app open payment miss badly lack dual messenger facility cant use two different whatsapp number phone supported android right nowthese issue face right apart phone good sound loud clear feel premium hand touch good face id work like charm gesture control customisation really good customise lot thing,Negative,-1,116,Positive
B09G9BL5CP,India,24-07-2024,True,5.0,Redefining Excellence: A Review of the iPhone 13 128GB,"The iPhone 13 128GB has surpassed my expectations in every aspect, setting a new standard for smartphone excellence. From its sleek design to its powerful performance and innovative features, this device has truly redefined what it means to own a premium smartphone.Design and Build QualityThe iPhone 13s design is a masterpiece of craftsmanship, featuring a sleek aluminum frame and a stunning ceramic shield front cover. The device feels incredibly premium in hand, with its compact form factor and exquisite attention to detail. The IP68 water and dust resistance provide added durability and peace of mind, making it perfect for everyday use.DisplayThe Super Retina XDR display of the iPhone 13 is nothing short of breathtaking. The 6.1inch OLED screen delivers vibrant colors, deep blacks, and excellent brightness levels, ensuring an immersive viewing experience for everything from streaming videos to browsing the web. The True Tone technology adapts the display to ambient lighting conditions, providing a comfortable viewing experience at all times.",iphone gb surpassed expectation every aspect setting new standard smartphone excellence sleek design powerful performance innovative feature device truly redefined mean premium smartphonedesign build qualitythe iphone design masterpiece craftsmanship featuring sleek aluminum frame stunning ceramic shield front cover device feel incredibly premium hand compact form factor exquisite attention detail ip water dust resistance provide added durability peace mind making perfect everyday usedisplaythe super retina xdr display iphone nothing short breathtaking inch oled screen delivers vibrant color deep black excellent brightness level ensuring immersive viewing experience everything streaming video browsing web true tone technology adapts display ambient lighting condition providing comfortable viewing experience time,Positive,1,117,Positive
B09G9BL5CP,India,25-06-2024,True,5.0,⭐⭐⭐⭐⭐ Great Phone - Super Happy with My iPhone 13!,"I've been using the Apple iPhone 13 Blue for six months now, and it's been fantastic. Here's my takeDesignThe blue color looks really cool and the phone feels premium. It's sleek and comfortable to hold.ScreenThe display is sharp and bright. Watching videos and scrolling through photos looks amazing.SpeedThis phone is super fast. I've had no issues with lag, even when playing games or multitasking.CameraThe cameras are awesome. Photos come out clear and vibrant, and it works great in low light too. Video recording is topnotch. BatteryThe battery life is solid. I get through a full day easily, even with heavy use. Fast charging is a nice plus.SoftwareiOS is smooth and easy to use. I love how well it works with my other Apple devices.Overall, the iPhone 13 is a great phone and I'm really happy with it. Definitely recommend it!",ive using apple iphone blue six month fantastic here takedesignthe blue color look really cool phone feel premium sleek comfortable holdscreenthe display sharp bright watching video scrolling photo look amazingspeedthis phone super fast ive issue lag even playing game multitaskingcamerathe camera awesome photo come clear vibrant work great low light video recording topnotch batterythe battery life solid get full day easily even heavy use fast charging nice plussoftwareios smooth easy use love well work apple devicesoverall iphone great phone im really happy definitely recommend,Positive,1,118,Positive
B09G9BL5CP,India,04-02-2023,True,4.0,Android to Apple Transition - Not a very smooth experience,"This is my first iPhone and it always feels good to hold this masterpiece. This looks premium not just because of its branding, it has everything which makes it feel premium. However, despite all the looks and finish, the transition from Android to Apple is not very smooth and you may constantly lack certain features that can make life easy. I was using Samsung S10 Lite before this and still have that phone with me. Putting out the feature that is being missed by me1. Forwarding Anything in Whatsapp Forwarding anything in Whatsapp from IPhone takes bit more step as compared to what is being offered in Android. This makes the entire process slow for an Android User2. App Switcher Apple could have easily made App Switcher easy with just light Swipe up, instead they made it with long pressed Swipe up. Why man, why.. You don't have any features for Swipe up, just make it easy to launch.3. Andorid Dialer is Always Missed Every android has a basic feature, where you can search the contact directly from Phone Dialer, here Dialer is used for Dialing Number only and it will not suggest you similar contact from contacts or last Dial. This is really bad.. If you have to Dial a number directly, use Dialer.. If you have to dial someone from Recent Call log, shift to that and if you to dial someone from contact, shift to that. Man, all this can be done under one button, under dialer. Android user will miss this very badly.4. Sending Multiple Files in Whatsapp If you wants to add more than 1 file directly from whatsapp, you have to do it twice. In Android, one can simple start selecting from whatspp itself and can select as many files as they wants and can send in a single click. Here for sending multiple files, you have to go to gallery or folder and select all files first and share it through whatsapp.5. No Swipe based shifting from Chats to Status and to calls In Android Whatsapp, you can switch between Calls, Chats and Status by just swiping, here you have to press button of each.6. Contact Viewing Contact list sorting method is still out of my mind. Man, make it easy. For example, if one of your contacts First Name or Middle Name or Last Name, any one of thing start with Alphabet ""A"", than it will be shown on top of the list. Apple, pls adopt any one method or at least allow us to customise it.7. Many Apps in Android are much more refined than its version on Apple.8. This is for those who had use Samsung Pay Samsung Pay was one of the best app for making UPI or Card Payment, just swipe up from home screen of Samsung Phones Only S Series and the app is open for payment, I miss that here very badly.9. Lack of Dual Messenger Facility You can't use two different WhatsApp numbers here in the same phone, as supported in all android right now.These are the issues that I face right now. Apart from this, the phone is good, the sound is loud and clear, it Feels Premium in Hand, the Touch is very good and Face ID works like a charm. Gesture control customization is really good and you can customize a lot of things.",first iphone always feel good hold masterpiece look premium branding everything make feel premium however despite look finish transition android apple smooth may constantly lack certain feature make life easy using samsung lite still phone putting feature missed forwarding anything whatsapp forwarding anything whatsapp iphone take bit step compared offered android make entire process slow android user app switcher apple could easily made app switcher easy light swipe instead made long pressed swipe man dont feature swipe make easy launch andorid dialer always missed every android basic feature search contact directly phone dialer dialer used dialing number suggest similar contact contact last dial really bad dial number directly use dialer dial someone recent call log shift dial someone contact shift man done one button dialer android user miss badly sending multiple file whatsapp want add file directly whatsapp twice android one simple start selecting whatspp select many file want send single click sending multiple file go gallery folder select file first share whatsapp swipe based shifting chat status call android whatsapp switch call chat status swiping press button contact viewing contact list sorting method still mind man make easy example one contact first name middle name last name one thing start alphabet shown top list apple pls adopt one method least allow u customise many apps android much refined version apple use samsung pay samsung pay one best app making upi card payment swipe home screen samsung phone series app open payment miss badly lack dual messenger facility cant use two different whatsapp number phone supported android right nowthese issue face right apart phone good sound loud clear feel premium hand touch good face id work like charm gesture control customization really good customize lot thing,Negative,-1,119,Positive
B09G9BL5CP,India,18-07-2024,True,4.0,Iphone 13,"After purchasing the iPhone 13, Im genuinely impressed with its performance and features. Heres a detailed review based on my experience Design and Build QualityThe iPhone 13 feels incredibly premium in hand. The flat edges and matte finish on the back give it a sleek and modern look. The build quality is topnotch, with the Ceramic Shield front adding a layer of durability that gives me confidence in its longevity. DisplayThe 6.1inch Super Retina XDR display is absolutely stunning. The colors are vibrant, and the blacks are deep, making everything from photos to videos look fantastic. The brightness levels are impressive, and even in direct sunlight, the screen remains perfectly readable. The slightly smaller notch is a nice touch, offering a bit more screen space. PerformanceThe A15 Bionic chip is a powerhouse. The iPhone 13 handles everything I throw at it with ease, from multitasking to gaming. Apps open almost instantly, and there's no lag whatsoever. Its clear that this phone is built for speed and efficiency. CameraThe camera system on the iPhone 13 is a standout feature. The 12MP wide and ultrawide lenses capture stunning photos with great detail and color accuracy. Lowlight performance is particularly impressive, thanks to the sensorshift optical image stabilization. The new Photographic Styles and Cinematic mode are fantastic additions, allowing for creative freedom and professionallooking videos. Battery LifeBattery life has been a pleasant surprise. I easily get through a full day of use on a single charge, even with heavy usage. The efficiency of the A15 Bionic chip and the slightly larger battery make a noticeable difference compared to previous models. SoftwareiOS 15 is smooth and intuitive. The new features like Focus modes, enhanced FaceTime capabilities, and improved privacy controls make the user experience even better. Everything feels wellintegrated and easy to use. Overall ImpressionThe iPhone 13 has exceeded my expectations. It offers a perfect balance of performance, design, and innovative features. Whether its the stunning display, powerful camera system, or impressive battery life, every aspect of this phone feels wellthoughtout and polished. I highly recommend it to anyone looking for a premium smartphone experience.",purchasing iphone im genuinely impressed performance feature here detailed review based experience design build qualitythe iphone feel incredibly premium hand flat edge matte finish back give sleek modern look build quality topnotch ceramic shield front adding layer durability give confidence longevity displaythe inch super retina xdr display absolutely stunning color vibrant black deep making everything photo video look fantastic brightness level impressive even direct sunlight screen remains perfectly readable slightly smaller notch nice touch offering bit screen space performancethe bionic chip powerhouse iphone handle everything throw ease multitasking gaming apps open almost instantly there lag whatsoever clear phone built speed efficiency camerathe camera system iphone standout feature mp wide ultrawide lens capture stunning photo great detail color accuracy lowlight performance particularly impressive thanks sensorshift optical image stabilization new photographic style cinematic mode fantastic addition allowing creative freedom professionallooking video battery lifebattery life pleasant surprise easily get full day use single charge even heavy usage efficiency bionic chip slightly larger battery make noticeable difference compared previous model softwareios smooth intuitive new feature like focus mode enhanced facetime capability improved privacy control make user experience even better everything feel wellintegrated easy use overall impressionthe iphone exceeded expectation offer perfect balance performance design innovative feature whether stunning display powerful camera system impressive battery life every aspect phone feel wellthoughtout polished highly recommend anyone looking premium smartphone experience,Positive,1,120,Positive
B09G9BL5CP,India,17-08-2024,True,4.0,Good product,Good product,good product,Positive,1,121,Positive
B09G9BL5CP,India,06-08-2024,True,4.0,Value for Money,"Stunning Display The Super Retina XDR display is vibrant and sharp, making everything from photos to videos look fantastic.Performance Powered by the A15 Bionic chip, the iPhone 13 handles multitasking, gaming, and demanding apps with ease.",stunning display super retina xdr display vibrant sharp making everything photo video look fantasticperformance powered bionic chip iphone handle multitasking gaming demanding apps ease,Neutral,0,122,Positive
B09G9BL5CP,India,13-08-2024,True,4.0,Delivered on scheduled date,I am satisfied with the product and schedule,satisfied product schedule,Neutral,0,123,Positive
B09G9BL5CP,India,16-08-2024,True,4.0,Nice,M loving it ......,loving,Neutral,0,124,Positive
B09G9BL5CP,India,06-09-2024,True,5.0,☺️☺️,"Well, its an iPhone.",well iphone,Neutral,0,125,Positive
B09G9BL5CP,India,27-10-2022,True,1.0,iPhone 13,Product was defective with in 24 hrs of getting productphone was found defectiveis amazon is buying defeective product or maple is selling defective product to amazon,product defective hr getting productphone found defectiveis amazon buying defeective product maple selling defective product amazon,Neutral,0,126,Negative
B09G9BL5CP,India,31-03-2022,True,1.0,Showoff product,I bought this phone Bcoz I have lot of money to showoff.,bought phone bcoz lot money showoff,Neutral,0,127,Neutral
B09G9BL5CP,India,01-07-2022,True,1.0,Body got minor cut mark in the body,Phones body is not so strong,phone body strong,Neutral,0,128,Negative
B09G9BL5CP,India,09-08-2024,False,5.0,Apple iPhone 13 (256GB) - Pink,"The Apple iPhone 13 256GB in Pink offers a combination of elegant design, solid performance, and advanced features. Heres a detailed review Design and BuildThe iPhone 13 in Pink sports a sleek and refined design with flat edges, a ceramic shield front cover, and aerospacegrade aluminum edges. The Pink color option is soft and subtle, making it an attractive choice for those who prefer a pastel look. The device feels premium in hand, and its compact size makes it comfortable to use onehanded. DisplayThe 6.1inch Super Retina XDR display is vibrant and sharp, providing excellent color accuracy and contrast. Whether youre streaming videos, browsing photos, or playing games, the display offers a rich visual experience. The smaller notch compared to previous models also allows for slightly more screen real estate. PerformancePowered by the A15 Bionic chip, the iPhone 13 delivers fast and efficient performance. Whether youre multitasking, gaming, or using resourceintensive apps, the device handles everything smoothly. The 256GB storage variant provides ample space for apps, media, and files, making it a good option for users who require more storage. CameraThe dualcamera system features a 12MP wide and a 12MP ultrawide lens. The cameras perform exceptionally well in various lighting conditions, producing detailed and vibrant photos. The improved lowlight performance and Night mode make it possible to capture clear images even in dim settings. The new Photographic Styles feature allows for customization of the tone and color of your photos without compromising on the overall quality. Battery LifeThe iPhone 13 offers improved battery life compared to its predecessor. With moderate use, the device can easily last a full day on a single charge. The introduction of smart data modes, which switch between 5G and LTE depending on your usage, also helps in conserving battery. SoftwareRunning on iOS 15, the iPhone 13 brings a range of new features and enhancements, such as Focus mode, redesigned notifications, and improved FaceTime capabilities. The user interface is smooth and intuitive, making it easy to navigate through apps and settings. Additional Features 5G Connectivity Offers faster download and upload speeds, improving the overall browsing and streaming experience. MagSafe Compatibility The device supports MagSafe accessories, allowing for easy attachment of chargers, wallets, and other accessories. Water and Dust Resistance The iPhone 13 is rated IP68, meaning it can withstand being submerged in water up to 6 meters for 30 minutes. ConclusionThe iPhone 13 256GB in Pink is a solid choice for those looking for a stylish and powerful smartphone. It combines toptier performance with a beautiful display, excellent camera capabilities, and long battery life. While it may not be a massive upgrade for users of the iPhone 12, it still offers enough enhancements to be a worthy investment for those using older models or wanting the latest features.",apple iphone gb pink offer combination elegant design solid performance advanced feature here detailed review design buildthe iphone pink sport sleek refined design flat edge ceramic shield front cover aerospacegrade aluminum edge pink color option soft subtle making attractive choice prefer pastel look device feel premium hand compact size make comfortable use onehanded displaythe inch super retina xdr display vibrant sharp providing excellent color accuracy contrast whether youre streaming video browsing photo playing game display offer rich visual experience smaller notch compared previous model also allows slightly screen real estate performancepowered bionic chip iphone delivers fast efficient performance whether youre multitasking gaming using resourceintensive apps device handle everything smoothly gb storage variant provides ample space apps medium file making good option user require storage camerathe dualcamera system feature mp wide mp ultrawide lens camera perform exceptionally well various lighting condition producing detailed vibrant photo improved lowlight performance night mode make possible capture clear image even dim setting new photographic style feature allows customization tone color photo without compromising overall quality battery lifethe iphone offer improved battery life compared predecessor moderate use device easily last full day single charge introduction smart data mode switch g lte depending usage also help conserving battery softwarerunning io iphone brings range new feature enhancement focus mode redesigned notification improved facetime capability user interface smooth intuitive making easy navigate apps setting additional feature g connectivity offer faster download upload speed improving overall browsing streaming experience magsafe compatibility device support magsafe accessory allowing easy attachment charger wallet accessory water dust resistance iphone rated ip meaning withstand submerged water meter minute conclusionthe iphone gb pink solid choice looking stylish powerful smartphone combine toptier performance beautiful display excellent camera capability long battery life may massive upgrade user iphone still offer enough enhancement worthy investment using older model wanting latest feature,Positive,1,129,Positive
B09G9BL5CP,India,09-10-2023,False,5.0,Must Order in Great Indian Festival Sale,This phone is very awesome and very well packed and totally freshed and transparent Delivery must Order if your pocket Allows,phone awesome well packed totally freshed transparent delivery must order pocket allows,Neutral,0,130,Positive
B09G9BL5CP,India,12-08-2022,False,5.0,Terrific purchase!,"Camera is obviously amazing. Apart from taking pictures, battery backup is so amazing and inbulit iMessage have ultimate features. Emojis are way too much cute.",camera obviously amazing apart taking picture battery backup amazing inbulit imessage ultimate feature emojis way much cute,Positive,1,131,Positive
B09G9BL5CP,India,08-03-2022,False,2.0,Maja nai aaya,Maja nai aaya sach bolu pichhla wala hi haiKuch naya waya karte nai hai yeh apple waale bilkul maja nai aaya,maja nai aaya sach bolu pichhla wala hi haikuch naya waya karte nai hai yeh apple waale bilkul maja nai aaya,Neutral,0,132,Neutral
B09G9BL5CP,India,05-07-2022,False,5.0,Amazing phone and amazing packaging by Amazon,"Outstanding Phone and camera and delivered in one day amazing experience from Amazon , just shifted from android to ios",outstanding phone camera delivered one day amazing experience amazon shifted android io,Positive,1,133,Positive
B09G9BL5CP,India,21-06-2022,False,5.0,I want to switch Android to iPhone,Hi I want to switch Android to iPhone. Someone please shopping for me. Thank you. And god always bless you.,hi want switch android iphone someone please shopping thank god always bless,Neutral,0,134,Positive
B09G9BL5CP,India,25-09-2021,False,5.0,Iphone 13 product red,Best phone ever . I was using iphone 12 but now I had upgrade to 13 thanks Amazon thank a lot,best phone ever using iphone upgrade thanks amazon thank lot,Positive,1,135,Positive
B09G9BL5CP,India,26-07-2022,True,5.0,Simply awesome,Awesome performance. cameras are beast,awesome performance camera beast,Neutral,0,136,Positive
B09G9BL5CP,India,27-03-2022,True,5.0,Great phone,Amazing phone with great features. User friendly wont be switching to android again I think,amazing phone great feature user friendly wont switching android think,Positive,1,137,Positive
B09G9BL5CP,India,01-02-2022,True,5.0,My first iphone experience,Really really awesome model to be in hands..The display has a great variation comparable to the android mobiles.,really really awesome model handsthe display great variation comparable android mobile,Positive,1,138,Positive
B09G9BL5CP,India,04-06-2022,True,5.0,Iphone 13,Best phone from the iphone series,best phone iphone series,Positive,1,139,Positive
B09G9BL5CP,India,26-02-2022,True,5.0,Phone heated,While playing camera and video recording the phone is getting heated,playing camera video recording phone getting heated,Neutral,0,140,Positive
B09G9BL5CP,India,09-07-2022,True,5.0,Nothing,Touch,touch,Neutral,0,141,Neutral
B09G9BL5CP,India,12-02-2022,True,5.0,BEST PHONE,THIS IS THE BEST SMART PHONE I HAVE USED,best smart phone used,Positive,1,142,Positive
B09G9BL5CP,India,09-03-2022,True,5.0,Wow,First phone amazing,first phone amazing,Positive,1,143,Positive
B09G9BL5CP,India,31-08-2022,True,5.0,Life is better with it,"Hangs a little, ui can be cleaner. Camera is bonkers. Good durability, phone was dropped with a normal case multiple times and nothing happened",hang little ui cleaner camera bonkers good durability phone dropped normal case multiple time nothing happened,Positive,1,144,Positive
B09G9BL5CP,India,13-04-2022,True,5.0,New to Apple family,It is a great and happy feel to be a part of apple now from android. A very excellent phone. Superb picture quality nice battery life but no finger sensor. Amazing mobile so far.,great happy feel part apple android excellent phone superb picture quality nice battery life finger sensor amazing mobile far,Positive,1,145,Positive
B09G9BL5CP,India,12-02-2022,True,5.0,Is very smooth and fast.,"I thought upgrading from 11 to 13 would be a hassle. I could transfer all my data from 11 to 13 very easily, Never even had to connect to a pc or download an app.",thought upgrading would hassle could transfer data easily never even connect pc download app,Neutral,0,146,Positive
B09G9BL5CP,India,12-07-2022,True,5.0,Smooth as butter,I have always been an android user. But boy I was impressed with iPhone 13. The smoothness the phone offers is unmatchable !,always android user boy impressed iphone smoothness phone offer unmatchable,Neutral,0,147,Positive
B09G9BL5CP,India,18-02-2023,True,5.0,Ocm,Superb,superb,Neutral,0,148,Positive
B09G9BL5CP,India,03-08-2023,True,2.0,Poor Wifi,"Wifi issue after 67 months, wifi remains connected but can't open any websites, after switching to mobile network, things works well",wifi issue month wifi remains connected cant open website switching mobile network thing work well,Neutral,0,149,Positive
B09G9BL5CP,India,17-08-2022,True,5.0,Excellent expensive phone/camera,Present batterylife is excellent. From morning 9 to evening average use consumes only 30 battery.,present batterylife excellent morning evening average use consumes battery,Positive,1,150,Positive
B09G9BL5CP,India,13-11-2022,True,5.0,Excellent product,Highly responsive processor. Good Camera. Crisp display.,highly responsive processor good camera crisp display,Positive,1,151,Positive
B09G9BL5CP,India,30-12-2022,True,5.0,I am happy,Fantastic,fantastic,Neutral,0,152,Positive
B09G9BL5CP,India,29-10-2022,True,5.0,Excellent,Excellent product,excellent product,Positive,1,153,Positive
B09G9BL5CP,India,28-06-2022,True,5.0,Super phone,Battery is fabulous camera is great,battery fabulous camera great,Positive,1,154,Positive
B09G9BL5CP,India,14-09-2022,True,5.0,Super Good,Super,super,Neutral,0,155,Positive
B09G9BL5CP,India,02-08-2022,True,5.0,Complete phone 👌👌,Super,super,Neutral,0,156,Positive
B09G9BL5CP,India,21-10-2022,True,2.0,"Great product, poor customer service","The phone is great, the problem i faced is incorrect serial number in the invoice. Have been contacting customer service for more than a month, still not sorted! Would recommend everyone to check the serial number in the invoice with the actual product",phone great problem faced incorrect serial number invoice contacting customer service month still sorted would recommend everyone check serial number invoice actual product,Positive,1,157,Positive
B09G9BL5CP,India,01-06-2022,True,5.0,Worth every penny,Just awesome,awesome,Neutral,0,158,Positive
B09G9BL5CP,India,12-11-2021,True,3.0,Touch is not up to the mark and software is too cumbersome and has snob value,Battery drains fast and it should not be priced more than Rs 60000,battery drain fast priced r,Neutral,0,159,Neutral
B09G9BL5CP,India,19-04-2022,True,5.0,Excellent one,Superb mobile,superb mobile,Neutral,0,160,Positive
B09G9BL5CP,India,16-04-2022,True,5.0,Aag lga de aasa phon h,Mast h,mast h,Neutral,0,161,Neutral
B09G9BL5CP,India,14-02-2022,True,1.0,Recieved damage product,"Have Dent on the edge after checking trying to replace the product but we unable i have try many ways to replace so please don,t buy fom online plateform this expensive phones .",dent edge checking trying replace product unable try many way replace please dont buy fom online plateform expensive phone,Neutral,0,162,Positive
B09G9BL5CP,India,31-10-2023,True,5.0,Good,Perfect for iphone lovers.,perfect iphone lover,Positive,1,163,Positive
B09G9BL5CP,India,06-02-2023,True,4.0,Class in Hand,"Build Quality is Far better than other competitors in market, one the best Smartphones under 60k. As I switched from Mi11x so I miss 120htz refresh rate in this Phone, but apart from that everything works perfectly especially Camera.",build quality far better competitor market one best smartphones k switched mix miss htz refresh rate phone apart everything work perfectly especially camera,Positive,1,164,Positive
B09G9BL5CP,India,20-03-2023,True,4.0,Nice phone,Very nice attractive phone serv8ce,nice attractive phone servce,Positive,1,165,Positive
B09G9BL5CP,India,08-06-2022,True,5.0,Best purchase,Go for itI am using this phone for more than 6 months now and its working with charm since I bought it.Its still feels just like new for handling same as I used on day 1Really IOS is so polished that you wont be observing any lag or hang state on phone,go iti using phone month working charm since bought itits still feel like new handling used day really io polished wont observing lag hang state phone,Neutral,0,166,Positive
B09G9BL5CP,India,20-02-2022,True,4.0,No pain on operating,Each thing is good but as visible midnight Black that is totally different which I find so could be better if it's totally black or z black.,thing good visible midnight black totally different find could better totally black z black,Positive,1,167,Positive
B09G9BL5CP,India,27-08-2022,True,5.0,"Why iPhone, go for an Android.","Just to be different, iPhone is there, useless OS, very few features, looks like a matchbox or a cigarette case. Use it if you want miss out on many great features of Android.",different iphone useless o feature look like matchbox cigarette case use want miss many great feature android,Positive,1,168,Positive
B09G9BL5CP,India,22-05-2023,True,5.0,Amazing product,User friendly,user friendly,Neutral,0,169,Positive
B09G9BL5CP,India,09-08-2022,True,5.0,perfect device,Perfect business phone with excellent camera quality ..if yo love to do the photography its right choice,perfect business phone excellent camera quality yo love photography right choice,Positive,1,170,Positive
B09G9BL5CP,India,14-07-2022,True,5.0,Review from the iPhone itself,FANTASTIC is the word to describe the experience. Coming from 10 years as android user including Pixel 4.,fantastic word describe experience coming year android user including pixel,Neutral,0,171,Positive
B09G9BL5CP,India,14-02-2024,True,1.0,Achha anubhav nahi raha,Colour same delivery nahi kiya aur speaker bhi kharab tha chal hi nahi raha tha,colour delivery nahi kiya aur speaker bhi kharab tha chal hi nahi raha tha,Neutral,0,172,Neutral
B09G9BL5CP,India,21-06-2024,True,5.0,Awesome everything.  Apple >>>>> Android,Loved it,loved,Neutral,0,173,Positive
B09G9BL5CP,India,02-03-2024,True,4.0,iPhone 13 (BLUE),"iPhone 13 is like wow , I have updated from my iPhone SE 2020 to 13 and then Im feeling like wonderful.the phone camera is 4.5 out of 5 .Multitasking is very easy and thanks to Amazon for secure packaging.",iphone like wow updated iphone se im feeling like wonderfulthe phone camera multitasking easy thanks amazon secure packaging,Neutral,0,174,Positive
B09G9BL5CP,India,09-05-2024,True,5.0,Absolute brilliance!,"You don't need to explain how good apple products are. My earlier iPhone was SE 2020, which worked very well. I exchanged my iPhone SE 2020 with this iPhone 13 and the phone is a wonder. Everything is flawless, speed, performance, faceID speed.. Just perfect!!",dont need explain good apple product earlier iphone se worked well exchanged iphone se iphone phone wonder everything flawless speed performance faceid speed perfect,Positive,1,175,Positive
B09G9BL5CP,India,08-05-2024,True,5.0,Received refurbished item,Ive received refurbished item in summer sale.Apart from above comment iPhone 13 is awesome phone .. Value for money at this price.,ive received refurbished item summer saleapart comment iphone awesome phone value money price,Neutral,0,176,Positive
B09G9BL5CP,India,02-06-2024,True,5.0,Original,"Absolutely original, received brand new i phone 13, go for it.",absolutely original received brand new phone go,Neutral,0,177,Positive
B09G9BL5CP,India,17-01-2024,True,4.0,An all-rounder,"This phone wont disappoint you in any aspect,whether its the battery life,performance or the cameras but what you might miss is a 120hz screen or perhaps a telephoto lens but if those things do not concern you then theres actually no reason for you to not buy this, its the best phone if you can get it for under 50k,period.",phone wont disappoint aspectwhether battery lifeperformance camera might miss hz screen perhaps telephoto lens thing concern there actually reason buy best phone get kperiod,Positive,1,178,Positive
B09G9BL5CP,India,04-06-2024,True,5.0,Okay product,Exchange of the product was not working,exchange product working,Neutral,0,179,Neutral
B09G9BL5CP,India,11-06-2024,True,5.0,Best buy,Loved it and price is best in sale.,loved price best sale,Positive,1,180,Positive
B09G9BL5CP,India,06-06-2024,True,5.0,Good,Nothing,nothing,Neutral,0,181,Neutral
B09G9BL5CP,India,30-05-2024,True,5.0,Very good and nice product,Nice phone and nice performance all over is good in phone comparison to14 better than the 13,nice phone nice performance good phone comparison better,Positive,1,182,Positive
B09G9BL5CP,India,26-01-2024,True,5.0,Awesome,Product is good only thing is Amazon delivery is poor,product good thing amazon delivery poor,Negative,-1,183,Positive
B09G9BL5CP,India,17-05-2022,True,5.0,Amazing phone,"It is an amazing phone, the entire experience is buttery smooth although the battery is a slightly let down but cannot complain much as it has come a long way since the older iphones, it manages to give a days battery life with 67 hours screen time which is decent depending upon how you wanna use your phone, i use mine primarily for work, emailing, googling, watching videos and all. The camera is actually great especially the video quality is wow, this is my switch from android to ios for the first time, although there are a few restrictions in terms of customisation and all but otherwise the phone is great, total value for money got it for 62k",amazing phone entire experience buttery smooth although battery slightly let cannot complain much come long way since older iphones manages give day battery life hour screen time decent depending upon wanna use phone use mine primarily work emailing googling watching video camera actually great especially video quality wow switch android io first time although restriction term customisation otherwise phone great total value money got k,Positive,1,184,Positive
B09G9BL5CP,India,04-09-2022,True,5.0,"IPhone 13, a benchmark for other phones out on the market !!","I have been using IPhone 7 for nearly 4 years and finally decided to switch to IPhone 13. Now its been like nearly six months I been using this phone and I couldnt really find a real drawback what do ever.Camera is the best. I am not exaggerating, it is better than the entry level DSLRs. Performance, battery life, sound, display I am so impressed.The only drawback I could see is phone is slightly heating up while playing games or charging.But its still worth a buy.",using iphone nearly year finally decided switch iphone like nearly six month using phone couldnt really find real drawback evercamera best exaggerating better entry level dslrs performance battery life sound display impressedthe drawback could see phone slightly heating playing game chargingbut still worth buy,Positive,1,185,Positive
B09G9BL5CP,India,20-02-2022,True,3.0,Not a great phone!,"I switched from Oneplus 5t to iPhone 13. The reasons I switched was 1. Battery life of Oneplus 5t deteriorated rapidly and OnePlus hardly cared to explain this. I also suspected that OnePlus deliberately created a bug that led to sudden drop in battery life. 2. Wanted to get an Android phone but could not find even one decent phone that did not have heating issues. 3. Oneplus device also suffered from Screenburn.Having switched the battery life is sorted and the phone does not have any heating issues but iPhones lack basic features such as1. Display of date and time on status bar2. The rounded edges of the phone create a problem as some apps with options at the bottom of the screen are not properly displayed.3. Amazon App does not allow purchase if Kindle books on iOS devices.4. Typing is a problem as the screen is smaller compared to a OnePlus device.Overall, I am neither too happy nor too sad with the purchase though I must confess that price of the phone seems exorbitant vis a vis the value delivered.",switched oneplus iphone reason switched battery life oneplus deteriorated rapidly oneplus hardly cared explain also suspected oneplus deliberately created bug led sudden drop battery life wanted get android phone could find even one decent phone heating issue oneplus device also suffered screenburnhaving switched battery life sorted phone heating issue iphones lack basic feature display date time status bar rounded edge phone create problem apps option bottom screen properly displayed amazon app allow purchase kindle book io device typing problem screen smaller compared oneplus deviceoverall neither happy sad purchase though must confess price phone seems exorbitant vi vi value delivered,Neutral,0,186,Negative
B09G9BL5CP,India,18-01-2024,True,5.0,Top Quality product,Worthy of Money,worthy money,Neutral,0,187,Positive
B09G9BL5CP,India,24-04-2023,True,4.0,Quality matter,After using almot 6 month this phone is running smooth as new one there is some network issues with this phone but although overall you can buy itMG,using almot month phone running smooth new one network issue phone although overall buy itmg,Neutral,0,188,Neutral
B09G9BL5CP,India,10-01-2024,True,5.0,It's really too gud,Such a great app,great app,Positive,1,189,Positive
B09G9BL5CP,India,15-01-2024,True,5.0,Good phone according to budget............,Good phone according to budget................,good phone according budget,Positive,1,190,Positive
B09G9BL5CP,India,17-10-2023,True,5.0,Very Good and the best Premium Phone in the segment and better than any other android phone,It is better than any other premium phone which is cost more than this like s22I would recommend for who wantPerformance 1010Camera 910Video 1010Display 1010Sound 1010,better premium phone cost like si would recommend wantperformance camera video display sound,Neutral,0,191,Positive
B09G9BL5CP,India,23-03-2022,True,5.0,"For me, it’s best","As a first time iPhone user, I was very confused to buy this iPhone 13 or 12 though price difference is manageableso after all reviews and conclusion I went for iPhone 13 and now after one month usage I can say I have made very right choice. Works very well for me. Be it camera, battery , display. Everything is just perfectafter all its an iPhone. And I am moderate user.. so I dont play heavy games on this device..hence with normal usage it gives me approx 1.5 days battery back up. Hope it helps to choose the right phone for you",first time iphone user confused buy iphone though price difference manageableso review conclusion went iphone one month usage say made right choice work well camera battery display everything perfectafter iphone moderate user dont play heavy game devicehence normal usage give approx day battery back hope help choose right phone,Neutral,0,192,Positive
B09G9BL5CP,India,09-05-2024,True,4.0,Superb,good,good,Positive,1,193,Positive
B09G9BL5CP,India,10-06-2024,True,5.0,Bharat Sharma,Best product and camera is just awesomeBought it in sale at best price with no cost emi offerCharging is working best to its use,best product camera awesomebought sale best price cost emi offercharging working best use,Positive,1,194,Positive
B09G9BL5CP,India,15-05-2024,True,4.0,Great buy,Awesome,awesome,Neutral,0,195,Positive
B09G9BL5CP,India,14-07-2024,True,5.0,Awesome Quality,Nice phone to use,nice phone use,Positive,1,196,Positive
B09G9BL5CP,India,26-06-2024,True,5.0,I switched from Android to iPhone... and it was the best decision,Amazing camera quality.....deep details camera,amazing camera qualitydeep detail camera,Positive,1,197,Positive
B09G9BL5CP,India,03-06-2024,True,5.0,Nice phone in this budget,I liked the phone the sound quality is insane and very fast charging the size of phone is also preety good and the display is the best I tested the performance is also very smooth and fast and very light weight phone I recommend you to buy it instead of iPhone 14.,liked phone sound quality insane fast charging size phone also preety good display best tested performance also smooth fast light weight phone recommend buy instead iphone,Positive,1,198,Positive
B09G9BL5CP,India,05-07-2024,True,5.0,Ios,Good quality features,good quality feature,Positive,1,199,Positive
B09G9BL5CP,India,24-03-2024,True,4.0,Nothing special,"What do you want to hear about iPhone,if you are reading this review,it means that you have already done enough research to buy it.so, congratulations for your new iphone",want hear iphoneif reading reviewit mean already done enough research buy itso congratulation new iphone,Neutral,0,200,Positive
B09G9BL5CP,India,01-09-2024,True,2.0,Overnight battery draining issue,"It's been less than a year and I am facing overnight battery draining issue, to give you an example i charged my phone at 78 yesterday at 7.40 PM and today morning at 97.00 AM the battery got drained upto 22. I have not even touched my phone. I tried many things ,I was using low power mode, stopped background application refreshing, and even turned of wifi,mobile data and location. This was the costliest phone i bought last year and this has serious battery issues.",less year facing overnight battery draining issue give example charged phone yesterday pm today morning battery got drained upto even touched phone tried many thing using low power mode stopped background application refreshing even turned wifimobile data location costliest phone bought last year serious battery issue,Neutral,0,201,Negative
B09G9BL5CP,India,21-03-2024,True,4.0,Iphone,Do I need to write a review for iPhone ?People still gonna buy it anyway.Little bit disappointed from macro lens otherwise who criticize Apple.,need write review iphone people still gonna buy anywaylittle bit disappointed macro lens otherwise criticize apple,Negative,-1,202,Negative
B09G9BL5CP,India,30-11-2023,True,5.0,Best camera,"Best camera with cinematic mode, the wideangle is good, but the night vision contains noise. the battery backup is good.",best camera cinematic mode wideangle good night vision contains noise battery backup good,Positive,1,203,Positive
B09G9BL5CP,India,16-10-2023,True,3.0,I am not happy,I thought the mobile would turn out to be very big. It turned out to be small but the heart did not enjoy it.,thought mobile would turn big turned small heart enjoy,Neutral,0,204,Positive
B09G9BL5CP,India,17-12-2023,True,5.0,Excellent phone,Apple full value of money,apple full value money,Neutral,0,205,Positive
B09G9BL5CP,India,02-02-2024,True,2.0,Over-rated and not user friendly,"If you are an Android user, stick to the best available Android in your budget. This is an overhyped device which performs poorly on hygiene parameters for eg. there is no function to go back, has poor precision in touch, limited battery life which dies much before the day ends to name a few. Also, transferring data from Android is an issue.",android user stick best available android budget overhyped device performs poorly hygiene parameter eg function go back poor precision touch limited battery life dy much day end name also transferring data android issue,Negative,-1,206,Negative
B09G9BL5CP,India,19-10-2023,True,5.0,Received happyly,It's very beautiful and weight less so it's very easy to carry.So nice,beautiful weight less easy carryso nice,Positive,1,207,Positive
B09G9BL5CP,India,18-11-2023,True,5.0,My 13 Dream,I want to use this phone for my whole day work.,want use phone whole day work,Neutral,0,208,Positive
B09G9BL5CP,India,11-10-2023,True,5.0,Good phone,Packaging was very questionable but phone is great,packaging questionable phone great,Positive,1,209,Positive
B09G9BL5CP,India,10-12-2023,True,5.0,Nice,Nice,nice,Positive,1,210,Positive
B09G9BL5CP,India,08-12-2023,True,5.0,One of the best phone,Superb,superb,Neutral,0,211,Positive
B09G9BL5CP,India,11-08-2022,True,4.0,Good but fell short of expectation,"Moving from android to ios was not very easy however, now settling down slowly after initially facing lots of issue. Was expecting more from camera particularly in photo section and battery. Rest only time will tell If a U turn would be needed or not.",moving android io easy however settling slowly initially facing lot issue expecting camera particularly photo section battery rest time tell u turn would needed,Neutral,0,212,Negative
B09G9BL5CP,India,15-05-2024,True,5.0,Value for money.,I switch to I Android from I phone.After 7 months use . I give a genuine review . It's all' over good performance.,switch android phoneafter month use give genuine review good performance,Positive,1,213,Positive
B09G9BL5CP,India,20-06-2024,True,5.0,Good,Good,good,Positive,1,214,Positive
B09G9BL5CP,India,13-06-2024,True,5.0,Smooth,Save money and buy this phone. You will not regret later. Smooth experience.,save money buy phone regret later smooth experience,Neutral,0,215,Positive
B09G9BL5CP,India,04-06-2024,True,5.0,Iphone 13,Everything about this device is perfect!,everything device perfect,Positive,1,216,Positive
B09G9BL5CP,India,06-01-2024,True,4.0,Smooth as butter,This is very much first time I am using an Iphone and my experience is very good until now. UI is very seamless and lag free but yes sometimes i noticed app crashing or getting refresh in background. Camera quality is superb especially for videography. Night photos are ok but can still see grains while taking photo in low light situation.,much first time using iphone experience good ui seamless lag free yes sometimes noticed app crashing getting refresh background camera quality superb especially videography night photo ok still see grain taking photo low light situation,Positive,1,217,Positive
B09G9BL5CP,India,28-05-2024,True,5.0,Fantastic,Apple never disappoints with its brand value. I had a great experience using their product. Thanks to Amazon for the sameday delivery.,apple never disappoints brand value great experience using product thanks amazon sameday delivery,Positive,1,218,Positive
B09G9BL5CP,India,06-09-2024,True,2.0,Defective product video calling is very noisy,The phone's video calling is very poor and noisy and call drops in between the conversation. The defect arises later after the return window is closed! Very bad experience,phone video calling poor noisy call drop conversation defect arises later return window closed bad experience,Negative,-1,219,Negative
B09G9BL5CP,India,01-07-2023,True,5.0,Great iPhone 13 Purchase with Room for Improvement in Packaging,"I must say, it has exceeded my expectations in many ways. The product I received was genuine, and the camera is absolutely lovely, capturing moments with stunning clarity and vividness. Overall, the iPhone 13 delivers a significant upgrade over my previous Android device, and although I was initially skeptical about downgrading from a 120Hz display to 60Hz, the phone's performance feels far from clunky or sluggish.The camera system on the iPhone 13 is nothing short of impressive. It produces stunning images, offering a level of detail and color accuracy.In terms of performance, the iPhone 13 truly shines. Its powerful A15 Bionic chip ensures smooth multitasking, seamless app navigation, and impressive gaming experiences. The device feels snappy and responsive, effortlessly handling resourceintensive tasks. I appreciate the optimized performance that comes with the iPhone 13.Now, let's address the issue that left me somewhat disappointedthe packaging. Considering the price tag of 61,000 INR, one would expect more attention to be paid to the packaging. Unfortunately, the phone arrived in a flimsy packet, which had clearly been subjected to the challenges of longdistance transportation. The iPhone box itself was damaged, but luckily, the phone inside was unharmed. It's disheartening to see such carelessness from the seller Appario Retail when it comes to packaging such an expensive device. I hope this issue can be addressed by the seller to ensure a better customer experience in the future.Despite the packaging mishap, the iPhone 13 has proven to be a remarkable device. If you're looking to switch from Android or upgrade from an older iPhone, the iPhone 13 is definitely worth considering.",must say exceeded expectation many way product received genuine camera absolutely lovely capturing moment stunning clarity vividness overall iphone delivers significant upgrade previous android device although initially skeptical downgrading hz display hz phone performance feel far clunky sluggishthe camera system iphone nothing short impressive produce stunning image offering level detail color accuracyin term performance iphone truly shine powerful bionic chip ensures smooth multitasking seamless app navigation impressive gaming experience device feel snappy responsive effortlessly handling resourceintensive task appreciate optimized performance come iphone let address issue left somewhat disappointedthe packaging considering price tag inr one would expect attention paid packaging unfortunately phone arrived flimsy packet clearly subjected challenge longdistance transportation iphone box damaged luckily phone inside unharmed disheartening see carelessness seller appario retail come packaging expensive device hope issue addressed seller ensure better customer experience futuredespite packaging mishap iphone proven remarkable device youre looking switch android upgrade older iphone iphone definitely worth considering,Neutral,0,220,Positive
B09G9BL5CP,India,06-11-2023,True,3.0,I faced an camera issue so because I'm giving 3star for this!!!,"Hello guys! I purchased this at best price , when it's delivered there is no issue found in this product. No scratches and no cracks fully new and genuine product given by Amazon!!! When I checked after getting delivery all things are working perfectly fine but after a day I updated my iphone so after I found an camera issue camera is shaking Rear Camera so guys I tried to replace the product but Amazon tolds me I have to go first in iPhone main showroom for diagnosis! Amazon just told me to go apple shop and told him what is happening with the phone , and if they deny to repair the product then I have to ask for Denial report so I firstly go in iVenus apple authorised service centre but they give me a job sheet not denial report but they refused to repair as well! Then after I go in Mumbai Apple BKC for service apple BKC is main showroom of iphone where they are very professional and talk in very fluent English as well! So they took my product for the repair then they took around 19 days to repair or replace the parts of my iphone !!! They replaced Camera but they also replaced Battery I asked why they replaced Battery so they told me some scratches on battery because they need to replace the battery !!! So guys this is my experience I shared with you !!!! I hope this will help you!.",hello guy purchased best price delivered issue found product scratch crack fully new genuine product given amazon checked getting delivery thing working perfectly fine day updated iphone found camera issue camera shaking rear camera guy tried replace product amazon tolds go first iphone main showroom diagnosis amazon told go apple shop told happening phone deny repair product ask denial report firstly go ivenus apple authorised service centre give job sheet denial report refused repair well go mumbai apple bkc service apple bkc main showroom iphone professional talk fluent english well took product repair took around day repair replace part iphone replaced camera also replaced battery asked replaced battery told scratch battery need replace battery guy experience shared hope help,Positive,1,221,Positive
B09G9BL5CP,India,21-05-2024,True,3.0,I want to claim GST inputs to my GST account,I want to include my GST details to claim GST inputs.,want include gst detail claim gst input,Neutral,0,222,Positive
B09G9BL5CP,India,02-08-2024,True,5.0,Excellent,Excellent,excellent,Positive,1,223,Positive
B09G9BL5CP,India,24-05-2024,True,4.0,Battery issue,Battery quality is bad and hence didnt last long even though using social media and no gaming at all,battery quality bad hence didnt last long even though using social medium gaming,Negative,-1,224,Negative
B09G9BL5CP,India,26-05-2024,True,4.0,Perfect Product,"Perfect product! Awesome battery backup amazing camera, a all day batter backup improved and brilliant",perfect product awesome battery backup amazing camera day batter backup improved brilliant,Positive,1,225,Positive
B09G9BL5CP,India,20-07-2024,True,5.0,Amazing,Nice product,nice product,Positive,1,226,Positive
B09G9BL5CP,India,19-07-2024,True,5.0,Best,Loved the delivery bcz the product is always the best by Apple,loved delivery bcz product always best apple,Positive,1,227,Positive
B09G9BL5CP,India,12-07-2024,True,5.0,Good,Good,good,Positive,1,228,Positive
B09G9BL5CP,India,28-04-2024,True,4.0,Over price,Not value for money,value money,Neutral,0,229,Negative
B09G9BL5CP,India,07-06-2024,True,3.0,IN 2024 and onwards not worth at all,Dont go for 6.1 in feels ver small .After buying iPhone 13 it fee very small ans compared to android phone . You can get 6.6 or more bigger screen and no c type charging port .Its better to buy iPhone 14 Pro you get 6.7inch display and c type charging port and also videos are more stable in this.,dont go feel ver small buying iphone fee small an compared android phone get bigger screen c type charging port better buy iphone pro get inch display c type charging port also video stable,Neutral,0,230,Positive
B09G9BL5CP,India,15-10-2023,True,4.0,Good,Very good but slightly heating but not very much good worth for money,good slightly heating much good worth money,Positive,1,231,Positive
B09G9BL5CP,India,28-04-2022,True,4.0,iPhone 13 strains  your eye for websites which require scrolling.,Using I phone 13 for past few days.My honest reviewProsBattery back up is good and improved.you could get easily for a compete day with moderate usageScreen quality is good and comparable to Super AMOLED display.ConsScreen refresh rate is very low may be 60 hz which will strain your eye while scrolling on the web pages and apps which is not good from the price point.Even basic android mobiles will give this and this is not at all acceptable for an iPhone which is major con.Charger is not given in the box and need to be purchased additionally which is also not good at this price point.At least Charger and branded ear pieces have to be given along with box pack.Apple has to improve in these areas.,using phone past daysmy honest reviewprosbattery back good improvedyou could get easily compete day moderate usagescreen quality good comparable super amoled displayconsscreen refresh rate low may hz strain eye scrolling web page apps good price pointeven basic android mobile give acceptable iphone major concharger given box need purchased additionally also good price pointat least charger branded ear piece given along box packapple improve area,Positive,1,232,Positive
B09G9BL5CP,India,23-10-2023,True,4.0,Very nice product,"Good packaging and seal box delivery, red color looks amazing, but don't buy with exchange offers!!",good packaging seal box delivery red color look amazing dont buy exchange offer,Positive,1,233,Positive
B09G9BL5CP,India,22-12-2023,True,5.0,It feels great to fulfill some desires,"Great product in 50,500 rsUsing it feels great , also social confident, andDreamIn todays , world 1st dream of the people is to have an iphone!Soon will upgrade to 15 pro !",great product rsusing feel great also social confident anddreamin today world st dream people iphonesoon upgrade pro,Positive,1,234,Positive
B09G9BL5CP,India,24-01-2024,True,5.0,Awesome Apple❤️,Everything is perfect Camera 55Display 55Battery 55Call quality 55Looks 55For me IPhone 13 is good deal than IPhone 15,everything perfect camera display battery call quality look iphone good deal iphone,Positive,1,235,Positive
B09G9BL5CP,India,08-10-2023,True,5.0,Perfect product,"Its my first time using an iPhone and Im loving it, totally worth the money for me, got it for just 37k in the great Indian festival sale 7k reduced by exchange including the exchange bonus of 3500 and the credit card discount of 2250",first time using iphone im loving totally worth money got k great indian festival sale k reduced exchange including exchange bonus credit card discount,Positive,1,236,Positive
B09G9BL5CP,India,12-01-2024,True,5.0,My first iPhone,This is my first try iPhone. I had this long time dream of possessing an iPhone atleast once in my lifetime. And it finally got fullfilled. Thanks a lot Amazon,first try iphone long time dream possessing iphone atleast lifetime finally got fullfilled thanks lot amazon,Neutral,0,237,Positive
B09G9BL5CP,India,01-03-2024,True,5.0,Nice work,Good,good,Positive,1,238,Positive
B09G9BL5CP,India,23-02-2024,True,3.0,Nice buy,Heats up fastly and battery drops soon,heat fastly battery drop soon,Neutral,0,239,Neutral
B09G9BL5CP,India,19-07-2023,True,5.0,iPhone 13 (Product Red) Review,It's a very good phone and got a good deal on Amazon. I personally picked the 13 over the 14 as there are hardly any differences between the two. The difference I felt is not worth paying 2030 additional. Overall the 13 does everything well that is expected of an iPhone.,good phone got good deal amazon personally picked hardly difference two difference felt worth paying additional overall everything well expected iphone,Positive,1,240,Positive
B09G9BL5CP,India,22-06-2024,True,5.0,A very good purchase,Good and very prompt delivery. Its working fine,good prompt delivery working fine,Positive,1,241,Positive
B09G9BL5CP,India,11-07-2024,True,5.0,It's original product,I'm happy with Amazon service.Original product delivered,im happy amazon serviceoriginal product delivered,Neutral,0,242,Positive
B09G9BL5CP,India,30-06-2024,True,5.0,Ok,Very nice,nice,Positive,1,243,Positive
B09G9BL5CP,India,01-07-2024,True,5.0,Very nice product and fully proctect packing from amazon,Really very smart,really smart,Neutral,0,244,Positive
B09G9BL5CP,India,26-06-2024,True,5.0,Experience,Satisfied,satisfied,Neutral,0,245,Positive
B09G9BL5CP,India,23-06-2024,True,5.0,"Best phone for photos , gaming and battery under price","iPhone 13 is best for all the features like its battery life is very good , display is ultra hd , this phone has very fast charging like in 1 hour it fully charge your phone , i have used this mobile since last year and this is best value for money mobile phone under this price . It is better then iphone 14",iphone best feature like battery life good display ultra hd phone fast charging like hour fully charge phone used mobile since last year best value money mobile phone price better iphone,Positive,1,246,Positive
B09G9BL5CP,India,10-04-2023,True,5.0,Good phone,"Im not a phone fanatic but here is my simple and honest review.As someone who has only used windows and android phones I must say, iPhone is a good upgrade. I do, however, have some issues with the phone. If you are a hard core android user then you WILL face some issues. As in, the fact that iPhone does not have built in call recording feature. In the case of messages, you can reply from the drawer itself but does not have mark as read option. Truecaller absolutely does not work in this phone. I am a premium member on truecaller and it is of no use cause i still get bombarded with spam calls. Dual sim is one nano sim and the other esim, no dual tray for both your sim card. I am having issues with screencastmirroring as well. In short, all the small little things that seems normal and ones that youre used to in an android is basically missing in an iPhone. Other than that the phone is great. Camera is great with a lot of features which Im still learning. Sound is great. No annoying nudges to keep updating apps. Itll silently update in the background without the prompt message that it is being updated. Easy to use once you get the hang of it.Update i have been using this phone since March23 so its been 2 months now and I have found that this phone is starting to lag a little. Not much, just a little but it is annoying having spent so much money youd expect more. Also, even with full network bars i sometimes struggle to get net connection. I have to rely on wifi most of the times and it has become a burden.",im phone fanatic simple honest reviewas someone used window android phone must say iphone good upgrade however issue phone hard core android user face issue fact iphone built call recording feature case message reply drawer mark read option truecaller absolutely work phone premium member truecaller use cause still get bombarded spam call dual sim one nano sim esim dual tray sim card issue screencastmirroring well short small little thing seems normal one youre used android basically missing iphone phone great camera great lot feature im still learning sound great annoying nudge keep updating apps itll silently update background without prompt message updated easy use get hang itupdate using phone since march month found phone starting lag little much little annoying spent much money youd expect also even full network bar sometimes struggle get net connection rely wifi time become burden,Positive,1,247,Positive
B09G9BL5CP,India,14-09-2022,True,5.0,"Consistent, dependable & need more customization options","Likes 1. A good display2. Great dual speaker sound quality3. Its fast. I am using for more than a month and it never hanged.4. Updated to IOS 16 and unlike Android phones it is bug free or has very less bugs5. Long term software security support a very few Android phone manufacturers gives 5 years OS support with less bugs6. Consistent camera. I would say the camera is not so hi fi but takes consistently good photos7. Apps are well optimized. Even google apps like YouTube, Maps, Gmail etc works better in IOS rather than their own proprietary OS8. Widgets in IOS 15 and 16. Android has widgets for decades now but IOS took the user experience to a whole new level.9. The new boxy design introduced with iPhone 12 is cool and looks good.10. Network call quality is good.11. Haptic feedback is awesome.Dislikes Some dislikes are due to myself being an Android user for decades1. The ugly notch. Though they made a dynamic island with iPhone 14 but lets accept the truth its still ugly compared to the hole punch2. Battery life charging speed.3. Lack of customization. I cant place the icons wherever i feel like on the screen.4. Lack of fingerprint scanner. Face id is good but fingerprint scanner is more practical, specially when you pay contactless5. Being an Android user I am used to with swipe from the right edge of the screen to go back. In iPhone this is not working you need to reach out to actual back buttons of the app.6. Settings app is messy as all installed app would show up on the main page. I would say Android settings app is more sophisticated.7. Lastly the price shouldve been less. With all discounts all it comes 60k INR and its costly.Overall I am satisfied switching to iPhone 13 from Android used OnePlus 6t for 3 years. Last time I switched to iPhone was with iPhone 5S and I couldnt stay for 6 months and switched to Android again. But this time IOS is better in terms of consistency user experience.",like good display great dual speaker sound quality fast using month never hanged updated io unlike android phone bug free less bug long term software security support android phone manufacturer give year o support less bug consistent camera would say camera hi fi take consistently good photo apps well optimized even google apps like youtube map gmail etc work better io rather proprietary o widget io android widget decade io took user experience whole new level new boxy design introduced iphone cool look good network call quality good haptic feedback awesomedislikes dislike due android user decade ugly notch though made dynamic island iphone let accept truth still ugly compared hole punch battery life charging speed lack customization cant place icon wherever feel like screen lack fingerprint scanner face id good fingerprint scanner practical specially pay contactless android user used swipe right edge screen go back iphone working need reach actual back button app setting app messy installed app would show main page would say android setting app sophisticated lastly price shouldve less discount come k inr costlyoverall satisfied switching iphone android used oneplus year last time switched iphone iphone couldnt stay month switched android time io better term consistency user experience,Positive,1,248,Positive
B09G9BL5CP,India,25-08-2024,True,2.0,My iphone is getting hang,"I have faced this issue many times , once someone call me , I mute it from side button , then again when I try to pick the call it doesn't work , touch stop working.End I press side button once call get disconnected I can not off the screen or reon I purchase it on 7th aug 2024",faced issue many time someone call mute side button try pick call doesnt work touch stop workingend press side button call get disconnected screen reon purchase th aug,Neutral,0,249,Negative
B09G9BL5CP,India,23-05-2024,True,5.0,Best Processor,Best Smartphone under 50k for real. A little heating problem during charging otherwise worth every penny,best smartphone k real little heating problem charging otherwise worth every penny,Positive,1,250,Positive
B09G9BL5CP,India,22-10-2023,True,1.0,Discoloration around the camera lenses.,When I received the phone it felt like the brand new..But when I saw the round spot around the camera lense on 2nd day after delivery. I think that amazon fools customer.,received phone felt like brand newbut saw round spot around camera lense nd day delivery think amazon fool customer,Neutral,0,251,Neutral
B09G9BL5CP,India,26-10-2023,True,1.0,Never buy anything during Sale,Received different specification defective charging cable..,received different specification defective charging cable,Neutral,0,252,Negative
B09G9BL5CP,India,24-12-2022,True,1.0,"Buying, return, service experience is worst","Don't buy expensive products with Amazon and especially Apple products. Once you buy it, it's left to the mercy of apple and Amazon. Neither of them care.",dont buy expensive product amazon especially apple product buy left mercy apple amazon neither care,Neutral,0,253,Positive
B09G9BL5CP,India,29-01-2023,True,1.0,Worst camera . Do not buy it,I expected better camera quality at such price. but its bad. Selfie is blurry.,expected better camera quality price bad selfie blurry,Negative,-1,254,Negative
B09G9BL5CP,India,16-01-2024,False,5.0,mast hai,"The iPhone stands out as a testament to the blend of sophisticated design and cuttingedge technology that Apple is renowned for. With each new iteration, the iPhone continues to push the boundaries of what we expect from a smartphone.Firstly, the design of the iPhone is both elegant and functional. The sleek, minimalist look is not just about aesthetics it's a reflection of the advanced technology housed within. The build quality is exceptional, with a premium feel that you notice the moment you hold it.",iphone stand testament blend sophisticated design cuttingedge technology apple renowned new iteration iphone continues push boundary expect smartphonefirstly design iphone elegant functional sleek minimalist look aesthetic reflection advanced technology housed within build quality exceptional premium feel notice moment hold,Neutral,0,255,Positive
B09G9BL5CP,India,30-12-2021,True,1.0,Front camera wasn’t working. Got a defective piece.,Front camera wasnt working. Got a defective piece.,front camera wasnt working got defective piece,Neutral,0,256,Negative
B09G9BL5CP,India,12-01-2024,False,5.0,A very good phone but low build quality of screen,My phone screen got damaged by just applying little pressure. No dents or cracks. Full screen black green and blue. Took 27k just to replace screen by authorised service center.,phone screen got damaged applying little pressure dent crack full screen black green blue took k replace screen authorised service center,Neutral,0,257,Negative
B09G9BL5CP,India,09-04-2023,False,4.0,Heating issue,"Its been a couple of weeks since i get the phone, everything is perfect but lately i got this issue with over heating, i do not play any games my phone usage is mild but still this heating won't stop. I am out of words because i paid so much for this and still got this issue. Is there anything we can do about this ? Suggestion accepted .Thankiu",couple week since get phone everything perfect lately got issue heating play game phone usage mild still heating wont stop word paid much still got issue anything suggestion accepted thankiu,Positive,1,258,Positive
B09G9BL5CP,India,25-09-2021,False,3.0,✋,Same as I phone 12 . Who so ever is reading this review I suggest go for I phone 12,phone ever reading review suggest go phone,Neutral,0,259,Neutral
B09G9BL5CP,India,06-09-2022,False,5.0,Screen,The camera quality is very good and the proceser is actually surpriseing hai na ki nhi hai hai na tu baas,camera quality good proceser actually surpriseing hai na ki nhi hai hai na tu baa,Positive,1,260,Positive
B09G9BL5CP,India,29-10-2023,True,5.0,Genuine iPhone,"I have seen that many Amazon users have been skeptical about purchasing iPhone from Darshita ezone or Darshita electronics. After I ordered the product red iPhone 13 from Darshita ezone, because of these negative reviews, even I got scared. However, I didn't cancel my order and decided to wait. Though Amazon delivered the order little late than I expected, I have received a genuine iPhone 13 product red. I checked the model number and IMEI number. All are perfect. Have been using the phone for almost 3 weeks now. Even updated to iOS 17. It's a gem. No issues. No problem. Heating is understandable during charging. But that's already expected. Thumbs up to both Amazon and Darshita ezone. And do I need to write about iPhone 13? It's awesome already.",seen many amazon user skeptical purchasing iphone darshita ezone darshita electronics ordered product red iphone darshita ezone negative review even got scared however didnt cancel order decided wait though amazon delivered order little late expected received genuine iphone product red checked model number imei number perfect using phone almost week even updated io gem issue problem heating understandable charging thats already expected thumb amazon darshita ezone need write iphone awesome already,Positive,1,261,Positive
B09G9BL5CP,India,04-11-2023,True,5.0,Amazing phone.,I am moving from Android to ios for the first time. It is been a marvelous experience to use iPhone. I regret now for being an android user. First of all the speed what they have mentioned as lightening speed yes i have experienced the lightening speed. Anything u share in whatsapp or any app u open it opens up in a flash. When I put the phone on charging it sometimes over heat the phone but now i have identified the reason for it too. Do not use the phone When on charging leave it untouched so that it won't over heat. No sort of pauses aur hanging issues at all.,moving android io first time marvelous experience use iphone regret android user first speed mentioned lightening speed yes experienced lightening speed anything u share whatsapp app u open open flash put phone charging sometimes heat phone identified reason use phone charging leave untouched wont heat sort pause aur hanging issue,Neutral,0,262,Positive
B09G9BL5CP,India,01-11-2023,True,4.0,Iphone at great indian sale,It was a good phone basically I thought that the phone will in damaged conditions or refurbished phone or some of the featured list will low and i was afraid of that but it was all ok and i am happie about that and i bought it in great indian sale,good phone basically thought phone damaged condition refurbished phone featured list low afraid ok happie bought great indian sale,Positive,1,263,Positive
B09G9BL5CP,India,20-01-2024,True,4.0,Camera quality is awesome 👍,I'm not a iPhone person but red colour is mine my first iPhone purchase so I love camara quality so happy with iPhone 13,im iphone person red colour mine first iphone purchase love camara quality happy iphone,Positive,1,264,Positive
B09G9BL5CP,India,21-10-2023,True,4.0,Got original product with worst packing,Ok guys we get orginal productColour is red128 gbCharging cable is original as both code are matchingPacking was worst no bubble wrapDelivery assistance was very rudeDon't agree to shoot video of opening parcelAmazon is giving permission to do that but delivery agent was rejecting itKindly improve package wrap some bubble cover,ok guy get orginal productcolour red gbcharging cable original code matchingpacking worst bubble wrapdelivery assistance rudedont agree shoot video opening parcelamazon giving permission delivery agent rejecting itkindly improve package wrap bubble cover,Negative,-1,265,Negative
B09G9BL5CP,India,07-01-2024,True,4.0,Value for money,Such a nice product and seller also before receiving order I am scared about the product and seller but both are good and nice thanks Amazon and the seller,nice product seller also receiving order scared product seller good nice thanks amazon seller,Positive,1,266,Positive
B09G9BL5CP,India,12-10-2023,True,5.0,BEST VALUE FOR MONEY Got for 48k🤑Go FOr IT!👌✅,"I was a Android user after several years I'm buying iphone , Was very sceptical of online ordering I mean the costly items but to my surprise everything went so smooth and very happy with the order. I got best offer and very cheap also got my fav colour red. all I want to say is if you want to get it this is the best time iphone 14 not worth the price if u have older phone jst go to iphone 13 or 15 next year. Amazon op",android user several year im buying iphone sceptical online ordering mean costly item surprise everything went smooth happy order got best offer cheap also got fav colour red want say want get best time iphone worth price u older phone jst go iphone next year amazon op,Negative,-1,267,Positive
B09G9BL5CP,India,13-12-2023,True,4.0,Smooth and Brightness,The phone is smooth and less engaging and in gaming it super fast but lowers brightness while. Need an automatic brightness button to switch off,phone smooth less engaging gaming super fast lower brightness need automatic brightness button switch,Neutral,0,268,Positive
B09G9BL5CP,India,07-03-2024,True,5.0,Best deal even in 2024,Great camera and good perfomance. Only issue is glare in night time videos due to light sources.Battery life is also good,great camera good perfomance issue glare night time video due light sourcesbattery life also good,Positive,1,269,Positive
B09G9BL5CP,India,29-02-2024,True,5.0,Crazy beast,"In love with the product ,Red Colour is just amazing .Got this for less price in great Amazon festival .Value for money , enjoying luxury apple legacy .",love product red colour amazing got less price great amazon festival value money enjoying luxury apple legacy,Positive,1,270,Positive
B09G9BL5CP,India,27-02-2024,True,5.0,Loving it!!,"Bought the iPhone 13 from Amazon and it's everything I expected and more. Sleek design, powerful performance, excellent camera, and seamless integration with other Apple devices. Fully satisfied and highly recommend it.",bought iphone amazon everything expected sleek design powerful performance excellent camera seamless integration apple device fully satisfied highly recommend,Positive,1,271,Positive
B09G9BL5CP,India,03-01-2024,True,5.0,Good product,It's first time I ever purchased an iPhone online I was a bit worried what if i gets a refurbished or pre activated phone but nvm it's all good. Thank you! Definately you can go for it I would recommend,first time ever purchased iphone online bit worried get refurbished pre activated phone nvm good thank definately go would recommend,Positive,1,272,Positive
B09G9BL5CP,India,16-12-2023,True,4.0,Luv the phone,Luv the phone and the camera is awesome,luv phone camera awesome,Neutral,0,273,Positive
B09G9BL5CP,India,19-03-2024,True,5.0,Awesome,So beautiful so elegant just looking like a wow,beautiful elegant looking like wow,Positive,1,274,Positive
B09G9BL5CP,India,03-11-2023,True,5.0,Overall User Experience & Reflexive Touch,"I am writing this review after 10 days of using this phone. Now i can relate why no one wants to leave iPhone after using it once. Similarly i never want to switch back to any android phone ever. Thank you amazon for a one day delivery. Reflexive touch, vivid display, amazing camera quality and much more.",writing review day using phone relate one want leave iphone using similarly never want switch back android phone ever thank amazon one day delivery reflexive touch vivid display amazing camera quality much,Positive,1,275,Positive
B09G9BL5CP,India,28-02-2024,True,5.0,Box was damaged,Product is bang on but the box was a bit damaged in the corners,product bang box bit damaged corner,Neutral,0,276,Negative
B09G9BL5CP,India,06-12-2023,True,5.0,Next level camera,Previously I was using top of the line android phone like oneplus 8 pro ..but after migrate to apple eco system with iPhone 13 Im mesmerised with the cameras and video quality like DSLR ..and Unbelievable battery life with 78 hours SOT with a full day heavy use .. Now I relise Apple is,previously using top line android phone like oneplus pro migrate apple eco system iphone im mesmerised camera video quality like dslr unbelievable battery life hour sot full day heavy use relise apple,Neutral,0,277,Positive
B09G9BL5CP,India,24-05-2022,True,5.0,Switching from Andriod to IOS ....good so far,"Purchased this phone 128 GB version from Amazon with exchange of one plus 2. With citibank credit card discount, exchange offer, I got it at 67K. Got delviered within 24 hours from Amazon and received original phone. Immeidately checked serail number in Apple website and warranty is geniuine and got it for 1 year.1 Phone will be avaialable with only cable. No adapter.2 Purchased adaptor at Rs.1899 from Amazon. That is also genuine product.3 After using 24 hours, my charge reduced from 100 to 42 . Good battery.4 Apps will donwload superfast.5 At the time switching on Iphone will ask for data back up. Please chooose Andriod to Iphone backup and you have to dowload one app in oyur old andriod phone. Iphone display code whcih has to be entered in the app in andriod phone. All contacts, sms, googe drive will automatically transferred to iphone. So easy !6 So far it is good going. Learnig lot...will post you after using few weeks",purchased phone gb version amazon exchange one plus citibank credit card discount exchange offer got k got delviered within hour amazon received original phone immeidately checked serail number apple website warranty geniuine got year phone avaialable cable adapter purchased adaptor r amazon also genuine product using hour charge reduced good battery apps donwload superfast time switching iphone ask data back please chooose andriod iphone backup dowload one app oyur old andriod phone iphone display code whcih entered app andriod phone contact sm googe drive automatically transferred iphone easy far good going learnig lotwill post using week,Positive,1,278,Positive
B09G9BL5CP,India,26-02-2024,True,5.0,Its Iphone,"Great camera , Good sound quality , super screen and good battery life.",great camera good sound quality super screen good battery life,Positive,1,279,Positive
B09G9BL5CP,India,05-06-2024,True,4.0,Cam phone,It was an amazing phone either than heating issues we can get an absolute cinematic experience in cinematic modeapple,amazing phone either heating issue get absolute cinematic experience cinematic modeapple,Positive,1,280,Positive
B09G9BL5CP,India,23-07-2024,True,5.0,Good,Overall is good,overall good,Positive,1,281,Positive
B09G9BL5CP,India,16-07-2024,True,5.0,No words,Handy,handy,Neutral,0,282,Neutral
B09G9BL5CP,India,18-07-2024,True,5.0,Good,Overall good,overall good,Positive,1,283,Positive
B09G9BL5CP,India,25-04-2024,True,4.0,Good,Good,good,Positive,1,284,Positive
B09G9BL5CP,India,11-04-2024,True,4.0,Good,"As everyone knows it is very Good mobile, but how ever you use battery health percentage will keep decreasing, for me this only issue with iphones",everyone know good mobile ever use battery health percentage keep decreasing issue iphones,Positive,1,285,Positive
B09G9BL5CP,India,23-07-2024,True,5.0,Great,Being an Apple user for several years I love iPhones,apple user several year love iphones,Positive,1,286,Positive
B09G9BL5CP,India,06-05-2024,True,4.0,good,good,good,Positive,1,287,Positive
B09G9BL5CP,India,07-05-2024,True,4.0,Amazing deal,Best phone to buy during sale..,best phone buy sale,Positive,1,288,Positive
B09G9BL5CP,India,24-04-2024,True,4.0,Camara is outstanding,Camara is outstandingBattery Backup need improvementAll is well,camara outstandingbattery backup need improvementall well,Neutral,0,289,Positive
B09G9BL5CP,India,22-06-2024,True,5.0,NYC looking  amazing  good service,NYC looking amazing good service,nyc looking amazing good service,Positive,1,290,Positive
B09G9BL5CP,India,20-06-2024,True,5.0,Performance & Camera quality,It's performance is osoom n camera quality is very good,performance osoom n camera quality good,Positive,1,291,Positive
B09G9BL5CP,India,25-06-2024,True,5.0,Very good just amazing iphone,I received my iphone in very good condition.Thanks amazon .,received iphone good conditionthanks amazon,Positive,1,292,Positive
B09G9BL5CP,India,29-06-2024,True,5.0,Perfect product,I find this perfect colour is amazing I would suggest this to everyone,find perfect colour amazing would suggest everyone,Positive,1,293,Positive
B09G9BL5CP,India,11-05-2024,True,5.0,Good iPhone,"Nothing to say much as iPhone is finally iPhone , only thing of 13 is good price especially during Amazone sale. If anyone is confused between 13, 14, or 15. And if price is factor go for 13",nothing say much iphone finally iphone thing good price especially amazone sale anyone confused price factor go,Positive,1,294,Positive
B09G9BL5CP,India,05-06-2024,True,5.0,A great choice,Was not thinking to buy it but iphone 14 se zyada acha camera quality laga.No heatingFast chargingDam good displayBeast performanceVery good soundAnd a medium small which I personally dont likeCamera is outstanding,thinking buy iphone se zyada acha camera quality lagano heatingfast chargingdam good displaybeast performancevery good soundand medium small personally dont likecamera outstanding,Positive,1,295,Positive
B09G9BL5CP,India,09-10-2023,True,4.0,Quality,"Okay so talking about the phone, before the delivery i was worried about the product as i saw there were not many reviews from other buyers about the seller.. But delivery went well and i got the iPhone.No lies the phone is so far good but there's a catch when i unboxed the package the iPhone box had some dirt on it not too much but it was there then inside the box there was the phone which had some of dust particles on it i don't know how but the phone was sealed packed!!Now talking about the phone it's nice and it's been just one day of having it.. Will write a full review after a longer usage then conclude my thoughts on it but ya phone looks and feel in Starlight color is very premium. From switching Android to IOS it's bit a different feel can't explain that but yaa it'll take time to adjust.",okay talking phone delivery worried product saw many review buyer seller delivery went well got iphoneno lie phone far good there catch unboxed package iphone box dirt much inside box phone dust particle dont know phone sealed packednow talking phone nice one day write full review longer usage conclude thought ya phone look feel starlight color premium switching android io bit different feel cant explain yaa itll take time adjust,Positive,1,296,Positive
B09G9BL5CP,India,31-07-2024,True,5.0,Best phone that too in budget,"The iPhone 13 is a solid upgrade, especially for those coming from older models. Its improvements in battery life, camera capabilities, and processing power make it a worthwhile consideration. However, if you already have an iPhone 12, the changes might not be significant enough to justify an immediate upgrade unless the new camera features or increased battery life are particularly important to you",iphone solid upgrade especially coming older model improvement battery life camera capability processing power make worthwhile consideration however already iphone change might significant enough justify immediate upgrade unless new camera feature increased battery life particularly important,Neutral,0,297,Positive
B09G9BL5CP,India,27-08-2024,True,5.0,iPhone 13 128gb,Phone looks good as expected and working is amazing.,phone look good expected working amazing,Positive,1,298,Positive
B09G9BL5CP,India,09-08-2024,True,5.0,It was my son’s gift,"Though I am not so big techy, I am happy to use it easily without any hassles. The phone is handy, slim and easy to operate. With little effort, I could use it happily.",though big techy happy use easily without hassle phone handy slim easy operate little effort could use happily,Neutral,0,299,Positive
B09G9BL5CP,India,30-08-2024,True,5.0,Not as good as expected,But still using,still using,Neutral,0,300,Neutral
B09G9BL5CP,India,27-08-2024,True,5.0,Good,Nice,nice,Positive,1,301,Positive
B09G9BL5CP,India,10-08-2024,True,5.0,Love it !,Amazing very smooth to use,amazing smooth use,Positive,1,302,Positive
B09G9BL5CP,India,02-11-2023,True,4.0,Best phone experience.,"DesignThe iPhone 13 retains the classic Apple design with a sleek and modern appearance. It's available in various colors, catering to different tastes. The build quality is topnotch, with a Ceramic Shield front cover and durable materials that feel premium in hand.DisplayThe device features a Super Retina XDR OLED display, which offers vibrant colors, deep blacks, and impressive brightness. It's perfect for watching videos, browsing the web, or gaming. The display quality enhances the overall user experience.PerformanceApple's A15 Bionic chip powers the iPhone 13, and it's a powerhouse. The device handles multitasking and demanding applications with ease. It's an excellent choice for both casual and power users. The performance improvements extend to better gaming experiences and faster app launches.CameraThe iPhone 13's camera system offers impressive photography capabilities. It features a dualcamera setup with sensorshift optical image stabilization, Night mode, and Deep Fusion. These features result in stunning photos, even in low light conditions. The Pro models offer even more advanced camera options.Battery LifeOne notable improvement is the battery life. The iPhone 13 provides allday battery life, which is a significant advantage for users who rely on their phones for work and entertainment. You can expect longlasting performance without frequent recharging.SoftwareThe device runs on iOS, Apple's operating system known for its stability, security, and regular updates. iOS 15 brings new features like Focus mode, improved notifications, and enhanced FaceTime capabilities, which enhance the overall user experience.ConnectivityThe iPhone 13 supports 5G connectivity, ensuring faster download and streaming speeds. It's also equipped with WiFi 6 and offers a seamless online experience.",designthe iphone retains classic apple design sleek modern appearance available various color catering different taste build quality topnotch ceramic shield front cover durable material feel premium handdisplaythe device feature super retina xdr oled display offer vibrant color deep black impressive brightness perfect watching video browsing web gaming display quality enhances overall user experienceperformanceapples bionic chip power iphone powerhouse device handle multitasking demanding application ease excellent choice casual power user performance improvement extend better gaming experience faster app launchescamerathe iphone camera system offer impressive photography capability feature dualcamera setup sensorshift optical image stabilization night mode deep fusion feature result stunning photo even low light condition pro model offer even advanced camera optionsbattery lifeone notable improvement battery life iphone provides allday battery life significant advantage user rely phone work entertainment expect longlasting performance without frequent rechargingsoftwarethe device run io apple operating system known stability security regular update io brings new feature like focus mode improved notification enhanced facetime capability enhance overall user experienceconnectivitythe iphone support g connectivity ensuring faster download streaming speed also equipped wifi offer seamless online experience,Positive,1,303,Positive
B09G9BL5CP,India,23-07-2024,True,5.0,Original product delivered,"I got 100 original product that too with proper packaging and no defect. Display, sound quality, camera all were perfect.Charging code is in the box with iphone",got original product proper packaging defect display sound quality camera perfectcharging code box iphone,Neutral,0,304,Positive
B09G9BL5CP,India,26-07-2024,True,5.0,Apple,Name at its best,name best,Positive,1,305,Positive
B09G9BL5CP,India,24-04-2024,True,4.0,Overall a good beast in price,Pros 1 Offcourse a clean apple os2 A beast for gaming3 Battery backup decent4 Display is best in the segment5 The feel when keeping it in hand was awesomeCons 1 Camera performance was very much decreased after upgrading to ios 17.4.12 Heats much while gaming and not using the a seperate fan for device,pro offcourse clean apple o beast gaming battery backup decent display best segment feel keeping hand awesomecons camera performance much decreased upgrading io heat much gaming using seperate fan device,Positive,1,306,Positive
B09G9BL5CP,India,25-07-2024,True,5.0,package and everything is fabulous,excellent product!! Amazon is great like jeff bezos,excellent product amazon great like jeff bezos,Positive,1,307,Positive
B09G9BL5CP,India,23-07-2024,True,5.0,Superb phone,Over performance of the phone is nice,performance phone nice,Positive,1,308,Positive
B09G9BL5CP,India,11-08-2024,True,5.0,Better quality photos,I realy happy about its performanceBut its Battry health will decrease rapidly at last it is a good choice to buy an iPhone,realy happy performancebut battry health decrease rapidly last good choice buy iphone,Positive,1,309,Positive
B09G9BL5CP,India,23-07-2024,True,5.0,Good,"Nice phone , iam fully satisfied this phone",nice phone iam fully satisfied phone,Positive,1,310,Positive
B09G9BL5CP,India,20-07-2024,True,5.0,Excellent.,Value of money. Very hard and tough. Working normal even after sinking in water two times.,value money hard tough working normal even sinking water two time,Neutral,0,311,Neutral
B09G9BL5CP,India,29-07-2024,True,3.0,Too expensive,Dont like it,dont like,Neutral,0,312,Negative
B09G9BL5CP,India,26-05-2024,True,4.0,Only problem is the battery,"Battery time was low , often need to charge two times a day",battery time low often need charge two time day,Neutral,0,313,Negative
B09G9BL5CP,India,09-07-2024,True,3.0,Alert slider is lose,Alert slider is lose on my phone . How did it happened.apple or amazon plz replace my product,alert slider lose phone happenedapple amazon plz replace product,Neutral,0,314,Positive
B09G9BL5CP,India,16-06-2024,True,5.0,Love,1. Touch Screen 2. Camera quality too good3. No heat issue4. Sound is Cristal clear5. Easy to use Cheap price value of money,touch screen camera quality good heat issue sound cristal clear easy use cheap price value money,Negative,-1,315,Positive
B09G9BL5CP,India,16-07-2024,True,5.0,Amazing device.,This device is worth buying.Amazing,device worth buyingamazing,Neutral,0,316,Positive
B09G9BL5CP,India,04-01-2024,True,4.0,heating,sometimes overheating issues,sometimes overheating issue,Neutral,0,317,Neutral
B09G9BL5CP,India,07-12-2023,True,4.0,Battery Performance,Using This phone for 1 month battery needs to be upgraded otherwise it is good.,using phone month battery need upgraded otherwise good,Positive,1,318,Positive
B09G9BL5CP,India,05-08-2024,True,2.0,Battery heating problem,While charging too much battery heating problem happened,charging much battery heating problem happened,Neutral,0,319,Negative
B09G9BL5CP,India,27-11-2023,True,4.0,Right choice,I have been using iPhone 13 for the last 1 month. A great experience.Right now ios17.1 runningJust captivateing stuff,using iphone last month great experienceright io runningjust captivateing stuff,Positive,1,320,Positive
B09G9BL5CP,India,04-04-2024,True,5.0,Good product,Good product,good product,Positive,1,321,Positive
B09G9BL5CP,India,21-10-2023,True,5.0,Just Class,"This is my first iPhone shifted from an android and gosh this is such an awesome phone, very well managed battery usage awesome camera video camera quality top of the line and plus its so smooth and no ads or bloatware apps like in android just superb only two issue slow battery charging and 60hz refresh rate feels lil bit slow my last device was of 120 hz",first iphone shifted android gosh awesome phone well managed battery usage awesome camera video camera quality top line plus smooth ad bloatware apps like android superb two issue slow battery charging hz refresh rate feel lil bit slow last device hz,Neutral,0,322,Positive
B09G9BL5CP,India,01-02-2024,True,5.0,Running smooth,"Using iPhone 13 from three days, it is running smooth. Till now I used iPhone 5S, SE1,SE2 and 11. Compared to all these it is very smooth while using.",using iphone three day running smooth till used iphone sese compared smooth using,Neutral,0,323,Neutral
B09G9BL5CP,India,24-10-2023,True,4.0,Camera quality,Camera quality is not up to the mark.Battery life is averageEasy to access,camera quality markbattery life averageeasy access,Neutral,0,324,Neutral
B09G9BL5CP,India,23-10-2023,True,4.0,Overall Perfect Phone,"iPhone 13 best in all categories except battery, battery drain out in 56 hrs with moderate use",iphone best category except battery battery drain hr moderate use,Positive,1,325,Positive
B09G9BL5CP,India,24-10-2023,True,4.0,Average,From android to iPhone is difficult for me there are lots of things that android user feel the android feature in iPhone,android iphone difficult lot thing android user feel android feature iphone,Neutral,0,326,Negative
B09G9BL5CP,India,01-09-2024,True,5.0,Everything,Fine product and value for money,fine product value money,Neutral,0,327,Positive
B09G9BL5CP,India,26-08-2024,True,5.0,Camera quality are osam,Best phone,best phone,Positive,1,328,Positive
B09G9BL5CP,India,25-06-2024,True,4.0,Dream mobile,"Apple iPhone is my dream mobile. I am loving this till now, the only concern I'm feeling is, since it is a bit older version the OS updates may be less in the future.",apple iphone dream mobile loving till concern im feeling since bit older version o update may less future,Neutral,0,329,Positive
B09G9BL5CP,India,20-08-2024,True,5.0,Top notch,"If you thinking to buy iphone 13, wait till great indian sale and bbd sale...you will get best discount on it...and in 2024 buy iphone 14...but if your budget id tight buy iphone 13.",thinking buy iphone wait till great indian sale bbd saleyou get best discount itand buy iphone budget id tight buy iphone,Positive,1,330,Positive
B09G9BL5CP,India,16-08-2024,True,5.0,If you love to capture moments then this phone always satisfy you with it’s fabulous camera quality.,Amazing camera,amazing camera,Positive,1,331,Positive
B09G9BL5CP,India,13-08-2024,True,5.0,Wonderful,Satisfied,satisfied,Neutral,0,332,Positive
B09G9BL5CP,India,05-01-2024,True,4.0,Amazing Phone 🤍,"DesignThe iPhone 13 retains the iconic design of its predecessors, but with some subtle refinements. The overall construction is sleek and elegant, featuring a durable aerospacegrade aluminum frame and ceramic shield front cover for improved durability. The device is available in a range of attractive colors, catering to different aesthetic preferences.DisplayOne of the most significant upgrades is the stunning Super Retina XDR display, which offers vivid colors, deep blacks, and outstanding brightness. The improved refresh rate provides smoother scrolling and more responsive touch interactions, making it a delight to use for various tasks, from browsing the web to watching videos and playing games.PerformancePowered by the latest A15 Bionic chip, the iPhone 13 delivers exceptional performance across the board. The processing power ensures seamless multitasking, swift app launches, and impressive gaming capabilities. The neural engine's advancements further enhance machine learning tasks, contributing to better efficiency and smarter features.CameraThe iPhone 13's camera system is a standout feature, significantly raising the bar for mobile photography and videography. The dualcamera setup, comprising wide and ultrawide lenses, captures stunning images with sharp detail, accurate colors, and improved lowlight performance. The addition of Cinematic mode for video recording introduces a new level of creativity, allowing users to achieve professionallooking focus transitions and selective focus effects.Battery LifeThe iPhone 13 boasts impressive battery life, keeping pace with the demands of modern usage. Whether you're streaming content, navigating with GPS, or engaging in video calls, the device offers extended endurance, reducing the need for frequent recharging. This improvement is a gamechanger for users who rely on their smartphones throughout the day.ConnectivityWith support for 5G networks, the iPhone 13 ensures faster download and upload speeds, enabling seamless streaming, swift downloads, and lagfree online experiences. The expanded 5G coverage allows users to stay connected in more locations, tapping into the potential of nextgeneration connectivity.",designthe iphone retains iconic design predecessor subtle refinement overall construction sleek elegant featuring durable aerospacegrade aluminum frame ceramic shield front cover improved durability device available range attractive color catering different aesthetic preferencesdisplayone significant upgrade stunning super retina xdr display offer vivid color deep black outstanding brightness improved refresh rate provides smoother scrolling responsive touch interaction making delight use various task browsing web watching video playing gamesperformancepowered latest bionic chip iphone delivers exceptional performance across board processing power ensures seamless multitasking swift app launch impressive gaming capability neural engine advancement enhance machine learning task contributing better efficiency smarter featurescamerathe iphone camera system standout feature significantly raising bar mobile photography videography dualcamera setup comprising wide ultrawide lens capture stunning image sharp detail accurate color improved lowlight performance addition cinematic mode video recording introduces new level creativity allowing user achieve professionallooking focus transition selective focus effectsbattery lifethe iphone boast impressive battery life keeping pace demand modern usage whether youre streaming content navigating gps engaging video call device offer extended endurance reducing need frequent recharging improvement gamechanger user rely smartphones throughout dayconnectivitywith support g network iphone ensures faster download upload speed enabling seamless streaming swift downloads lagfree online experience expanded g coverage allows user stay connected location tapping potential nextgeneration connectivity,Neutral,0,333,Positive
B09G9BL5CP,India,06-11-2022,True,5.0,Iphone 13,"Outstanding Mobile, Face Id Very Fast Even in night mode, Battery backup almost 1 day, Camera is superb, If your budget is around 6070k, Go for it",outstanding mobile face id fast even night mode battery backup almost day camera superb budget around k go,Neutral,0,334,Positive
B09G9BL5CP,India,16-09-2022,True,4.0,Good review,Apple cheap company does not give a charger in the box.,apple cheap company give charger box,Negative,-1,335,Neutral
B09G9BL5CP,India,12-08-2022,True,4.0,1x camera having pink spot in photos.,Disappointed due to defect in camera.,disappointed due defect camera,Negative,-1,336,Negative
B09G9BL5CP,India,21-12-2022,True,5.0,Genuine,"I am happy with this purchase. I purchased it at a good price, and it has excellent features. Love it.",happy purchase purchased good price excellent feature love,Positive,1,337,Positive
B09G9BL5CP,India,08-11-2022,True,5.0,Value for Money,Have switched to iPhone from android. The display and UIUX is just uncomparable. Loving every part of it.,switched iphone android display uiux uncomparable loving every part,Neutral,0,338,Positive
B09G9BL5CP,India,22-09-2022,True,5.0,Nice product :),"Nice product.But, delivery was late. I didn't get any updates for late delivery reason. I had to follow up with Amazon chat support.",nice productbut delivery late didnt get update late delivery reason follow amazon chat support,Positive,1,339,Positive
B09G9BL5CP,India,24-01-2022,True,4.0,A normal iPhone.,"Excessive heating while setup, backup n restore",excessive heating setup backup n restore,Neutral,0,340,Positive
B09G9BL5CP,India,09-03-2023,True,5.0,No heat no hang,WOW,wow,Neutral,0,341,Positive
B09G9BL5CP,India,30-01-2023,True,5.0,Awesome,Excellent product,excellent product,Positive,1,342,Positive
B09G9BL5CP,India,09-05-2024,True,5.0,iPhone 13,"Best value for money amongst 13, 14 and 15",best value money amongst,Positive,1,343,Positive
B09G9BL5CP,India,09-04-2024,True,5.0,Fantastic Upgrade,"I recently upgraded to the iPhone 13, and I couldn't be happier! The sleek design, stunning display, and lightningfast performance make it a standout device. The camera quality is exceptional, capturing every moment with clarity and precision.",recently upgraded iphone couldnt happier sleek design stunning display lightningfast performance make standout device camera quality exceptional capturing every moment clarity precision,Neutral,0,344,Positive
B09G9BL5CP,India,20-05-2024,True,5.0,Good,Nice,nice,Positive,1,345,Positive
B09G9BL5CP,India,17-10-2023,True,4.0,Awesome price,Got this in sale for a super value price. Phone is good one can find lots of reviews on it elsewhere.One star reduced because amazon collected 1k more at the time of exchange on a flawless phone exchange with no reasons and complaint which was raised to be resolved in 72hrs is on shelf. Be careful with exchange sometimes it can be misleading.,got sale super value price phone good one find lot review elsewhereone star reduced amazon collected k time exchange flawless phone exchange reason complaint raised resolved hr shelf careful exchange sometimes misleading,Positive,1,346,Positive
B09G9BL5CP,India,12-05-2024,True,5.0,Very good iphone,very good iphone,good iphone,Positive,1,347,Positive
B09G9BL5CP,India,14-05-2024,True,5.0,Perfect,Genuine Seller.,genuine seller,Neutral,0,348,Neutral
B09G9BL5CP,India,15-04-2024,True,5.0,Excellent,On time delivery and smooth process,time delivery smooth process,Neutral,0,349,Neutral
B09G9BL5CP,India,13-11-2023,True,5.0,No Nonsense Value buy in 2023,"Its for my mom upgrading from legacy iPhone plus which itself held up very well across years.Got it during the 2023 sale and that price made it a no brainer for value , performance and future proofing .The familiar OS will be intuitive across her phone and IPad Air just that charger is now different phone with lightening and iPad with usb c Compared to my 14 theres barely a difference and will hold good for the next 35 years without a hitch.",mom upgrading legacy iphone plus held well across yearsgot sale price made brainer value performance future proofing familiar o intuitive across phone ipad air charger different phone lightening ipad usb c compared there barely difference hold good next year without hitch,Positive,1,350,Positive
B09G9BL5CP,India,07-01-2024,True,4.0,Ok,Good,good,Positive,1,351,Positive
B09G9BL5CP,India,13-12-2023,True,4.0,Good phone but some camera quality issue compare to Samsung fold 5 camera is best,Good phone but some camera quality issue compare to Samsung fold 5 camera is best,good phone camera quality issue compare samsung fold camera best,Positive,1,352,Positive
B09G9BL5CP,India,01-08-2024,True,5.0,Amezing,Super super super,super super super,Neutral,0,353,Positive
B09G9BL5CP,India,11-06-2024,True,4.0,Nice Product,The colourgreen looks better that expected. Received safely. NotSealPack,colourgreen look better expected received safely notsealpack,Neutral,0,354,Positive
B09G9BL5CP,India,16-07-2024,True,5.0,Good,Good to use,good use,Positive,1,355,Positive
B09G9BL5CP,India,22-06-2024,True,5.0,Mast hai...,Mai Samsung s21 ke phone se iphone 13 m aaya hun ... to mera iphone ka experience aisa hai ki lagta hai 5 saal pichhe aa gya hun.... fingerprint nahi hai ... use karne m problem hoti hai.... Android best hai.... camera theek hai lekin s21 ka jyada achha tha .. s21 ka portrait photo mast hai aata tha...Agar mai apne s21 se compare karu to iphone ki charging slow hai .... display kamjor hai ... brightness down hai ... battery life low hai... screen ki htZ bhi slow hai ...Achha hai to only processor..... aur wo kta huwa apple,mai samsung ke phone se iphone aaya hun mera iphone ka experience aisa hai ki lagta hai saal pichhe aa gya hun fingerprint nahi hai use karne problem hoti hai android best hai camera theek hai lekin ka jyada achha tha ka portrait photo mast hai aata thaagar mai apne se compare karu iphone ki charging slow hai display kamjor hai brightness hai battery life low hai screen ki htz bhi slow hai achha hai processor aur wo kta huwa apple,Positive,1,356,Positive
B09G9BL5CP,India,05-05-2024,True,4.0,My favorite 😍💕,Nice phone delivered,nice phone delivered,Positive,1,357,Positive
B09G9BL5CP,India,22-07-2024,True,3.0,Good phone,Good phone in budget,good phone budget,Positive,1,358,Positive
B09G9BL5CP,India,20-05-2024,True,4.0,Best👍,"Go for it,",go,Neutral,0,359,Neutral
B09G9BL5CP,India,29-10-2023,True,4.0,Excellent Camera,"First thing first, checked if the product was original or not. For that, check the following1. If the screen has True Tone option.2. Check the Serial Number for M letter, indicates its new unit.3. Check if IMEI number of the product is same as mentioned on the box.4. Battery Health should be 100.Pros1. Camera is one of the best I have used so far.2. Haptic feedback is very great. I noticed it instantly.3. Battery optimisation is very good. Its been more than a month and I have never charged it more than 85. Still I get a days battery easily.4. OS. I have used Android before this. And change in OS was good change as well.ConsCharge speed is slow. I only charge it when the battery is around 20. And it takes 1 to 1.5 hr to charge.CommentsI dont play any games or do any heavy usage tasks on phone. Its just daily tasks like social media, YouTube, etc.",first thing first checked product original check following screen true tone option check serial number letter indicates new unit check imei number product mentioned box battery health pro camera one best used far haptic feedback great noticed instantly battery optimisation good month never charged still get day battery easily o used android change o good change wellconscharge speed slow charge battery around take hr chargecommentsi dont play game heavy usage task phone daily task like social medium youtube etc,Positive,1,360,Positive
B09G9BL5CP,India,12-03-2024,True,4.0,Nice Handset,Camera quality is just awesome Battery life is also niceOnly problem you will face if you switch from Android is refresh rateAnd don't know but apple keyboard isn't made for chatting or typing in lo al language.,camera quality awesome battery life also niceonly problem face switch android refresh rateand dont know apple keyboard isnt made chatting typing lo al language,Neutral,0,361,Positive
B09G9BL5CP,India,03-01-2024,True,5.0,Impressive Performance and Stunning Camera Quality,"Ive been using the iPhone 13 for the past 34 months, and I am thoroughly impressed with its overall performance. The A15 Bionic chip ensures smooth and lagfree operation, making multitasking a breeze.The camera quality is a standout feature, capturing vivid and detailed photos in various lighting conditions. The Night mode improvements are noticeable, delivering clear and sharp images even in lowlight environments. The Cinematic mode for videos adds a professional touch, creating engaging and dynamic content.The battery life has been reliable, easily lasting a full day with moderate usage. The 120Hz ProMotion display contributes to a silkysmooth experience, enhancing gaming and video playback.The design is sleek and feels premium, while the Ceramic Shield front provides added durability. The introduction of 5G connectivity ensures fast data speeds, enhancing the overall user experience.While the absence of a charger and earphones might be a drawback for some, the iPhone 13s performance, camera capabilities, and design make it a worthwhile upgrade. Highly recommended for those seeking a toptier smartphone experience.",ive using iphone past month thoroughly impressed overall performance bionic chip ensures smooth lagfree operation making multitasking breezethe camera quality standout feature capturing vivid detailed photo various lighting condition night mode improvement noticeable delivering clear sharp image even lowlight environment cinematic mode video add professional touch creating engaging dynamic contentthe battery life reliable easily lasting full day moderate usage hz promotion display contributes silkysmooth experience enhancing gaming video playbackthe design sleek feel premium ceramic shield front provides added durability introduction g connectivity ensures fast data speed enhancing overall user experiencewhile absence charger earphone might drawback iphone performance camera capability design make worthwhile upgrade highly recommended seeking toptier smartphone experience,Neutral,0,362,Positive
B09G9BL5CP,India,27-07-2024,True,5.0,Fantastic phone go for it,If under 45k go for it never get regret,k go never get regret,Neutral,0,363,Positive
B09G9BL5CP,India,07-06-2024,True,4.0,Very nice,Its a awesome,awesome,Neutral,0,364,Positive
B09G9BL5CP,India,19-07-2024,True,5.0,Review,Does it really need review?,really need review,Neutral,0,365,Neutral
B09G9BL5CP,India,12-07-2024,True,5.0,Go for it,Nice product in this price range....Go for it,nice product price rangego,Positive,1,366,Positive
B09G9BL5CP,India,20-07-2024,True,5.0,Quality,Value of money product.brightness display battery all over good,value money productbrightness display battery good,Positive,1,367,Positive
B09G9BL5CP,India,04-08-2024,True,5.0,Worth every penny,"Excellent Processor, Crisp display, stunning camera",excellent processor crisp display stunning camera,Positive,1,368,Positive
B09G9BL5CP,India,06-06-2024,True,4.0,Good,Good but battery problem display is good charger is good sound good performance is good but battery issues,good battery problem display good charger good sound good performance good battery issue,Positive,1,369,Positive
B09G9BL5CP,India,09-08-2024,True,5.0,Sparky,Trend setter,trend setter,Neutral,0,370,Neutral
B09G9BL5CP,India,25-08-2024,True,3.0,Kindly update my bill,NYC,nyc,Neutral,0,371,Neutral
B09G9BL5CP,India,01-11-2023,True,5.0,The most loved is the  honesty. And is good condition  thank you Amazon 😊,Quality wise thank you Amazon,quality wise thank amazon,Neutral,0,372,Positive
B09G9BL5CP,India,06-09-2022,True,5.0,G.O.A.T ( Greatest Of All Time ) 🔥♥️,Damnn first time iphone user and trust me my experience with this one is god damnn unbelievable. it Looks great. Audio Quality is good and the Camera Quality ison another level all over i loved it so much...,damnn first time iphone user trust experience one god damnn unbelievable look great audio quality good camera quality ison another level loved much,Positive,1,373,Positive
B09G9BL5CP,India,21-07-2024,True,1.0,My product is worst,Bad item,bad item,Negative,-1,374,Negative
B09G9BL5CP,India,03-02-2022,True,5.0,"Thanks Amazon for a Prompt delivery of my Genuine iPhone 13, 256 GB Starlight",Thanks a lot Amazon for the early delivery. Thanks to Appario also. Received a genuine iPhone 13 256 GB and it was verified by Apple remote diagnostics. The phone is really awesome.. Camera is more than my expectation and music is unbelievable. Battery is easily giving me 1.5 days of backup.. Amazing experience. Loving it....,thanks lot amazon early delivery thanks appario also received genuine iphone gb verified apple remote diagnostics phone really awesome camera expectation music unbelievable battery easily giving day backup amazing experience loving,Positive,1,375,Positive
B09G9BL5CP,India,28-01-2023,True,4.0,Battery life,Camera is goodLooking elegantBattery is hopeless,camera goodlooking elegantbattery hopeless,Neutral,0,376,Negative
B09G9BL5CP,India,25-03-2022,True,5.0,Beautiful Design,"The iPhone 13s brighter display, longer battery life and powerful cameras make it the best iPhone for the money. But we wish it had faster charging and the iPhone 13 Pro.ProsBrighter displayGreat camerasCompelling Cinematic video modeClassleading performanceVery good battery life",iphone brighter display longer battery life powerful camera make best iphone money wish faster charging iphone proprosbrighter displaygreat camerascompelling cinematic video modeclassleading performancevery good battery life,Positive,1,377,Positive
B09G9BL5CP,India,26-03-2022,True,5.0,Top Notch high quality feel delivered,"Amazing phone , Amazing Battery life , Stunning camera , and the videos are like wooooow , every one is sure to ask you which device did you use to upload these premium quality videos . Battery is rocking gives more than a day backup",amazing phone amazing battery life stunning camera video like wooooow every one sure ask device use upload premium quality video battery rocking give day backup,Positive,1,378,Positive
B09G9BL5CP,India,21-10-2022,True,5.0,Expensive But worth it,Delivery is pretty quick got in one day .Camera quality is very good and phone is supersmooth just like a butter and this is 256 Gb variant .Thanks amazon and Appario for selling original product in well discounted price.,delivery pretty quick got one day camera quality good phone supersmooth like butter gb variant thanks amazon appario selling original product well discounted price,Positive,1,379,Positive
